room_id,date,total_alerts,critical_alerts,noise_alerts,unique_event_types,avg_duration_sec,max_severity,noise_pct,export_period
701RGV,2025-07-10,5,1,0,2,160.6,3,0.0,2025-04_to_2025-07
701RGV,2025-07-11,264,4,114,6,25.7,3,43.2,2025-04_to_2025-07
701RGV,2025-07-12,181,17,103,6,53.8,3,56.9,2025-04_to_2025-07
701RGV,2025-07-13,277,23,166,8,21.6,3,59.9,2025-04_to_2025-07
701RGV,2025-07-14,366,19,230,9,19.8,3,62.8,2025-04_to_2025-07
701RGV,2025-07-15,99,4,58,8,18.0,3,58.6,2025-04_to_2025-07
702RGV,2025-07-09,5,0,1,3,22.0,2,20.0,2025-04_to_2025-07
702RGV,2025-07-10,105,0,52,1,39.2,2,49.5,2025-04_to_2025-07
702RGV,2025-07-11,1,0,1,1,7.0,2,100.0,2025-04_to_2025-07
702RGV,2025-07-12,2,0,1,2,14.5,2,50.0,2025-04_to_2025-07
702RGV,2025-07-13,2,0,1,1,9.0,2,50.0,2025-04_to_2025-07
702RGV,2025-07-14,3,0,2,1,6.0,2,66.7,2025-04_to_2025-07
703RGV,2025-07-09,2,2,2,2,5.0,3,100.0,2025-04_to_2025-07
703RGV,2025-07-10,9,3,2,6,28.9,3,22.2,2025-04_to_2025-07
703RGV,2025-07-11,11,0,5,3,11.4,2,45.5,2025-04_to_2025-07
703RGV,2025-07-12,2,0,1,2,46.0,2,50.0,2025-04_to_2025-07
703RGV,2025-07-14,8,0,7,2,3.6,2,87.5,2025-04_to_2025-07
703RGV,2025-07-15,154,0,120,3,7.5,2,77.9,2025-04_to_2025-07
704RGV,2025-07-10,5,0,4,1,7.8,2,80.0,2025-04_to_2025-07
704RGV,2025-07-11,34,1,16,4,72.5,3,47.1,2025-04_to_2025-07
704RGV,2025-07-12,1,0,1,1,2.0,2,100.0,2025-04_to_2025-07
704RGV,2025-07-13,2,0,2,1,4.0,2,100.0,2025-04_to_2025-07
704RGV,2025-07-14,2,0,2,2,3.0,2,100.0,2025-04_to_2025-07
704RGV,2025-07-15,2,0,2,2,5.0,2,100.0,2025-04_to_2025-07
705RGV,2025-07-09,13,6,0,5,31.3,3,0.0,2025-04_to_2025-07
705RGV,2025-07-11,10,2,5,4,18.9,3,50.0,2025-04_to_2025-07
705RGV,2025-07-12,11,0,4,2,36.9,2,36.4,2025-04_to_2025-07
705RGV,2025-07-13,4,0,2,2,10.8,2,50.0,2025-04_to_2025-07
706RGV,2025-07-10,68,6,19,7,35.6,3,27.9,2025-04_to_2025-07
706RGV,2025-07-11,14,0,8,3,18.9,2,57.1,2025-04_to_2025-07
706RGV,2025-07-12,9,2,3,3,18.2,3,33.3,2025-04_to_2025-07
706RGV,2025-07-13,14,1,4,4,34.6,3,28.6,2025-04_to_2025-07
706RGV,2025-07-14,61,1,33,4,52.9,3,54.1,2025-04_to_2025-07
707RGV,2025-07-09,3,3,2,1,54.0,3,66.7,2025-04_to_2025-07
707RGV,2025-07-10,12,5,2,6,38.9,3,16.7,2025-04_to_2025-07
707RGV,2025-07-11,2,0,2,2,8.0,2,100.0,2025-04_to_2025-07
707RGV,2025-07-14,3,1,3,2,4.0,3,100.0,2025-04_to_2025-07
708RGV,2025-07-09,4,1,1,4,12.2,3,25.0,2025-04_to_2025-07
708RGV,2025-07-10,12,2,4,4,22.8,3,33.3,2025-04_to_2025-07
708RGV,2025-07-11,13,1,6,6,96.2,3,46.2,2025-04_to_2025-07
709RGV,2025-07-10,32,1,10,6,73.2,3,31.2,2025-04_to_2025-07
709RGV,2025-07-14,20,0,11,4,59.4,2,55.0,2025-04_to_2025-07
709RGV,2025-07-15,59,1,37,6,30.6,3,62.7,2025-04_to_2025-07
710RGV,2025-07-09,7,2,2,5,85.1,3,28.6,2025-04_to_2025-07
710RGV,2025-07-10,5,1,0,3,38.4,3,0.0,2025-04_to_2025-07
710RGV,2025-07-12,119,4,84,6,16.8,3,70.6,2025-04_to_2025-07
710RGV,2025-07-13,22,5,8,7,49.4,3,36.4,2025-04_to_2025-07
710RGV,2025-07-14,49,6,14,7,104.4,3,28.6,2025-04_to_2025-07
711RGV,2025-07-09,2,0,1,1,8.5,2,50.0,2025-04_to_2025-07
711RGV,2025-07-10,133,7,89,6,15.6,3,66.9,2025-04_to_2025-07
711RGV,2025-07-11,15,6,6,5,23.4,3,40.0,2025-04_to_2025-07
711RGV,2025-07-12,156,15,61,5,19.0,3,39.1,2025-04_to_2025-07
711RGV,2025-07-13,345,36,202,10,55.6,3,58.6,2025-04_to_2025-07
711RGV,2025-07-14,674,49,384,10,61.9,3,57.0,2025-04_to_2025-07
711RGV,2025-07-15,216,12,111,9,103.6,3,51.4,2025-04_to_2025-07
712RGV,2025-07-09,46,19,26,6,29.1,3,56.5,2025-04_to_2025-07
712RGV,2025-07-10,9,0,6,2,11.2,2,66.7,2025-04_to_2025-07
712RGV,2025-07-14,11,2,4,4,12.5,3,36.4,2025-04_to_2025-07
713RGV,2025-07-10,100,1,50,5,59.0,3,50.0,2025-04_to_2025-07
713RGV,2025-07-11,3,2,0,2,60.3,3,0.0,2025-04_to_2025-07
713RGV,2025-07-13,11,0,6,3,42.7,2,54.5,2025-04_to_2025-07
713RGV,2025-07-14,99,12,44,8,55.5,3,44.4,2025-04_to_2025-07
713RGV,2025-07-15,2,0,2,2,3.5,2,100.0,2025-04_to_2025-07
714RGV,2025-07-09,5,2,1,4,79.0,3,20.0,2025-04_to_2025-07
714RGV,2025-07-10,49,8,19,7,64.7,3,38.8,2025-04_to_2025-07
714RGV,2025-07-11,113,10,61,8,56.7,3,54.0,2025-04_to_2025-07
714RGV,2025-07-12,25,5,2,5,29.5,3,8.0,2025-04_to_2025-07
714RGV,2025-07-13,13,0,8,1,14.5,2,61.5,2025-04_to_2025-07
714RGV,2025-07-14,231,25,128,9,29.9,3,55.4,2025-04_to_2025-07
714RGV,2025-07-15,30,1,20,6,25.2,3,66.7,2025-04_to_2025-07
715RGV,2025-07-09,56,1,29,4,8.9,3,51.8,2025-04_to_2025-07
715RGV,2025-07-10,21,2,13,5,19.4,3,61.9,2025-04_to_2025-07
715RGV,2025-07-11,7,3,3,5,10.7,3,42.9,2025-04_to_2025-07
715RGV,2025-07-13,5,1,2,3,30.6,3,40.0,2025-04_to_2025-07
715RGV,2025-07-14,284,8,198,8,15.9,3,69.7,2025-04_to_2025-07
716RGV,2025-07-09,13,0,9,2,10.2,2,69.2,2025-04_to_2025-07
716RGV,2025-07-10,218,0,109,2,21.8,2,50.0,2025-04_to_2025-07
801RGV,2025-04-18,20,3,9,3,15.6,3,45.0,2025-04_to_2025-07
801RGV,2025-04-22,8,1,5,3,15.5,3,62.5,2025-04_to_2025-07
801RGV,2025-04-28,13,2,5,5,20.8,3,38.5,2025-04_to_2025-07
801RGV,2025-04-29,13,1,2,4,98.8,3,15.4,2025-04_to_2025-07
801RGV,2025-05-12,3,0,2,2,8.7,2,66.7,2025-04_to_2025-07
801RGV,2025-05-15,21,5,6,5,21.1,3,28.6,2025-04_to_2025-07
801RGV,2025-05-16,2,2,0,2,17.0,3,0.0,2025-04_to_2025-07
801RGV,2025-05-18,28,9,14,7,20.1,3,50.0,2025-04_to_2025-07
801RGV,2025-05-19,120,7,67,7,24.2,3,55.8,2025-04_to_2025-07
801RGV,2025-05-20,295,13,177,9,31.4,3,60.0,2025-04_to_2025-07
801RGV,2025-05-21,147,6,101,5,19.0,3,68.7,2025-04_to_2025-07
801RGV,2025-05-22,905,18,533,6,14.2,3,58.9,2025-04_to_2025-07
801RGV,2025-05-23,30,4,8,5,108.4,3,26.7,2025-04_to_2025-07
801RGV,2025-05-29,3,2,1,3,9.0,3,33.3,2025-04_to_2025-07
801RGV,2025-05-30,4,0,4,2,3.8,2,100.0,2025-04_to_2025-07
801RGV,2025-05-31,41,5,28,5,11.1,3,68.3,2025-04_to_2025-07
801RGV,2025-06-01,11,3,8,3,42.8,3,72.7,2025-04_to_2025-07
801RGV,2025-06-02,18,3,9,5,18.1,3,50.0,2025-04_to_2025-07
801RGV,2025-06-03,6,1,4,3,6.3,3,66.7,2025-04_to_2025-07
801RGV,2025-06-04,5,0,2,2,14.0,2,40.0,2025-04_to_2025-07
801RGV,2025-06-05,13,3,3,4,56.2,3,23.1,2025-04_to_2025-07
801RGV,2025-06-06,11,0,10,4,4.5,2,90.9,2025-04_to_2025-07
801RGV,2025-06-07,8,1,4,3,12.2,3,50.0,2025-04_to_2025-07
801RGV,2025-06-08,2,1,0,2,51.0,3,0.0,2025-04_to_2025-07
801RGV,2025-06-09,15,5,4,3,84.6,3,26.7,2025-04_to_2025-07
801RGV,2025-06-10,1,0,1,1,1.0,2,100.0,2025-04_to_2025-07
801RGV,2025-06-12,1,0,0,1,38.0,2,0.0,2025-04_to_2025-07
801RGV,2025-06-13,3,1,0,3,17.7,3,0.0,2025-04_to_2025-07
801RGV,2025-06-16,16,1,6,2,17.1,3,37.5,2025-04_to_2025-07
801RGV,2025-06-26,11,4,4,4,66.9,3,36.4,2025-04_to_2025-07
802RGV,2025-04-21,2,0,1,2,26.0,2,50.0,2025-04_to_2025-07
802RGV,2025-04-25,3,1,2,3,7.3,3,66.7,2025-04_to_2025-07
802RGV,2025-04-26,2,0,2,1,6.5,2,100.0,2025-04_to_2025-07
802RGV,2025-04-28,10,0,2,2,19.9,2,20.0,2025-04_to_2025-07
802RGV,2025-05-01,3,0,1,2,22.0,2,33.3,2025-04_to_2025-07
802RGV,2025-05-02,1,0,0,1,10.0,2,0.0,2025-04_to_2025-07
802RGV,2025-05-12,8,2,4,4,11.0,3,50.0,2025-04_to_2025-07
802RGV,2025-05-13,119,18,47,4,27.4,3,39.5,2025-04_to_2025-07
802RGV,2025-05-14,7,0,6,3,6.6,2,85.7,2025-04_to_2025-07
802RGV,2025-05-15,26,2,8,6,16.0,3,30.8,2025-04_to_2025-07
802RGV,2025-05-16,11,2,9,4,7.0,3,81.8,2025-04_to_2025-07
802RGV,2025-05-17,6,1,2,3,56.5,3,33.3,2025-04_to_2025-07
802RGV,2025-05-18,22,4,9,3,21.2,3,40.9,2025-04_to_2025-07
802RGV,2025-05-19,2,0,2,2,3.0,2,100.0,2025-04_to_2025-07
802RGV,2025-05-23,63,5,34,4,19.8,3,54.0,2025-04_to_2025-07
802RGV,2025-05-24,67,1,41,3,16.1,3,61.2,2025-04_to_2025-07
802RGV,2025-05-26,36,0,17,4,22.7,2,47.2,2025-04_to_2025-07
802RGV,2025-05-27,208,0,107,3,28.4,2,51.4,2025-04_to_2025-07
802RGV,2025-05-28,5,0,3,2,14.0,2,60.0,2025-04_to_2025-07
802RGV,2025-05-29,10,1,7,4,6.0,3,70.0,2025-04_to_2025-07
802RGV,2025-05-30,2,0,2,2,4.0,2,100.0,2025-04_to_2025-07
802RGV,2025-05-31,3,0,2,1,11.0,2,66.7,2025-04_to_2025-07
802RGV,2025-06-01,2,0,1,1,16.5,2,50.0,2025-04_to_2025-07
802RGV,2025-06-02,2,0,2,1,4.5,2,100.0,2025-04_to_2025-07
802RGV,2025-06-04,4,1,2,4,12.0,3,50.0,2025-04_to_2025-07
802RGV,2025-06-05,1,0,0,1,20.0,2,0.0,2025-04_to_2025-07
802RGV,2025-06-06,13,3,6,5,25.1,3,46.2,2025-04_to_2025-07
802RGV,2025-06-09,30,4,7,5,39.0,3,23.3,2025-04_to_2025-07
802RGV,2025-06-10,15,2,4,3,26.6,3,26.7,2025-04_to_2025-07
802RGV,2025-06-11,10,1,6,4,10.2,3,60.0,2025-04_to_2025-07
802RGV,2025-06-12,7,1,3,3,21.9,3,42.9,2025-04_to_2025-07
802RGV,2025-06-13,6,1,4,3,33.3,3,66.7,2025-04_to_2025-07
802RGV,2025-06-14,1,0,1,1,7.0,2,100.0,2025-04_to_2025-07
802RGV,2025-06-16,33,9,9,4,27.1,3,27.3,2025-04_to_2025-07
802RGV,2025-06-20,16,0,9,1,37.8,2,56.2,2025-04_to_2025-07
802RGV,2025-06-23,7,1,5,5,6.3,3,71.4,2025-04_to_2025-07
802RGV,2025-06-24,18,2,14,7,20.7,3,77.8,2025-04_to_2025-07
802RGV,2025-06-25,23,0,9,2,50.2,2,39.1,2025-04_to_2025-07
802RGV,2025-06-26,3,0,1,2,16.7,2,33.3,2025-04_to_2025-07
802RGV,2025-06-27,10,0,5,3,556.9,2,50.0,2025-04_to_2025-07
802RGV,2025-06-28,15,0,4,1,62.2,2,26.7,2025-04_to_2025-07
803RGV,2025-04-17,1,0,0,1,25.0,2,0.0,2025-04_to_2025-07
803RGV,2025-04-18,1,0,0,1,72.0,2,0.0,2025-04_to_2025-07
803RGV,2025-04-23,62,5,19,5,87.7,3,30.6,2025-04_to_2025-07
803RGV,2025-04-24,24,0,6,3,133.7,2,25.0,2025-04_to_2025-07
803RGV,2025-04-25,25,0,11,2,18.9,2,44.0,2025-04_to_2025-07
803RGV,2025-04-26,6,0,2,2,23.7,2,33.3,2025-04_to_2025-07
803RGV,2025-04-28,2,0,1,2,15.0,2,50.0,2025-04_to_2025-07
803RGV,2025-04-29,35,0,14,5,57.1,2,40.0,2025-04_to_2025-07
803RGV,2025-05-12,131,36,26,5,78.7,3,19.8,2025-04_to_2025-07
803RGV,2025-05-13,17,2,8,6,27.6,3,47.1,2025-04_to_2025-07
803RGV,2025-05-14,5,0,3,2,23.0,2,60.0,2025-04_to_2025-07
803RGV,2025-05-15,26,1,9,4,90.5,3,34.6,2025-04_to_2025-07
803RGV,2025-05-17,16,0,4,2,229.2,2,25.0,2025-04_to_2025-07
803RGV,2025-05-18,234,1,80,4,58.9,3,34.2,2025-04_to_2025-07
803RGV,2025-05-20,14,0,3,3,32.8,2,21.4,2025-04_to_2025-07
803RGV,2025-05-21,16,1,8,4,38.8,3,50.0,2025-04_to_2025-07
803RGV,2025-05-22,27,6,12,5,31.1,3,44.4,2025-04_to_2025-07
803RGV,2025-05-23,2,0,0,1,15.5,2,0.0,2025-04_to_2025-07
803RGV,2025-05-24,5,1,3,2,14.0,3,60.0,2025-04_to_2025-07
803RGV,2025-05-26,1,0,1,1,4.0,2,100.0,2025-04_to_2025-07
803RGV,2025-05-27,2,0,1,1,9.0,2,50.0,2025-04_to_2025-07
803RGV,2025-05-28,4,0,3,2,9.5,2,75.0,2025-04_to_2025-07
803RGV,2025-05-29,2,1,2,2,4.0,3,100.0,2025-04_to_2025-07
803RGV,2025-05-30,38,7,12,5,33.4,3,31.6,2025-04_to_2025-07
803RGV,2025-05-31,13,2,7,3,17.8,3,53.8,2025-04_to_2025-07
803RGV,2025-06-01,10,3,5,3,19.1,3,50.0,2025-04_to_2025-07
803RGV,2025-06-02,10,2,6,5,7.3,3,60.0,2025-04_to_2025-07
803RGV,2025-06-03,2,0,1,2,14.5,2,50.0,2025-04_to_2025-07
803RGV,2025-06-04,4,0,3,2,23.5,2,75.0,2025-04_to_2025-07
803RGV,2025-06-05,17,2,13,3,10.1,3,76.5,2025-04_to_2025-07
803RGV,2025-06-06,7,3,0,4,20.1,3,0.0,2025-04_to_2025-07
803RGV,2025-06-07,6,2,2,4,21.8,3,33.3,2025-04_to_2025-07
803RGV,2025-06-08,2,1,1,2,7.5,3,50.0,2025-04_to_2025-07
803RGV,2025-06-10,1,0,0,1,17.0,2,0.0,2025-04_to_2025-07
803RGV,2025-06-11,3,1,1,3,8.7,3,33.3,2025-04_to_2025-07
803RGV,2025-06-15,4,1,1,3,22.8,3,25.0,2025-04_to_2025-07
803RGV,2025-06-16,1,0,1,1,8.0,2,100.0,2025-04_to_2025-07
803RGV,2025-06-17,6,2,3,4,18.3,3,50.0,2025-04_to_2025-07
803RGV,2025-06-19,2,1,0,2,53.0,3,0.0,2025-04_to_2025-07
803RGV,2025-06-20,1,0,0,1,146.0,2,0.0,2025-04_to_2025-07
803RGV,2025-06-22,42,0,16,2,48.3,2,38.1,2025-04_to_2025-07
803RGV,2025-06-23,21,3,7,4,24.4,3,33.3,2025-04_to_2025-07
803RGV,2025-06-24,6,2,3,3,17.0,3,50.0,2025-04_to_2025-07
803RGV,2025-06-25,6,1,2,4,13.0,3,33.3,2025-04_to_2025-07
803RGV,2025-06-26,2,0,0,2,11.5,2,0.0,2025-04_to_2025-07
803RGV,2025-06-30,22,2,9,5,49.3,3,40.9,2025-04_to_2025-07
804RGV,2025-04-23,10,3,3,3,11.1,3,30.0,2025-04_to_2025-07
804RGV,2025-04-25,13,1,4,3,60.2,3,30.8,2025-04_to_2025-07
804RGV,2025-04-28,11,0,10,2,3.5,2,90.9,2025-04_to_2025-07
804RGV,2025-04-29,1,0,0,1,19.0,2,0.0,2025-04_to_2025-07
804RGV,2025-04-30,3,0,1,1,15.3,2,33.3,2025-04_to_2025-07
804RGV,2025-05-01,10,1,4,3,16.7,3,40.0,2025-04_to_2025-07
804RGV,2025-05-02,7,0,4,2,34.0,2,57.1,2025-04_to_2025-07
804RGV,2025-05-12,13,3,7,4,34.2,3,53.8,2025-04_to_2025-07
804RGV,2025-05-13,801,0,247,4,45.5,2,30.8,2025-04_to_2025-07
804RGV,2025-05-14,411,3,120,6,47.2,3,29.2,2025-04_to_2025-07
804RGV,2025-05-15,307,17,126,12,27.4,3,41.0,2025-04_to_2025-07
804RGV,2025-05-16,426,2,206,8,92.8,3,48.4,2025-04_to_2025-07
804RGV,2025-05-18,16,1,7,4,37.1,3,43.8,2025-04_to_2025-07
804RGV,2025-05-21,309,41,130,7,31.4,3,42.1,2025-04_to_2025-07
804RGV,2025-05-22,2,0,2,2,3.5,2,100.0,2025-04_to_2025-07
804RGV,2025-05-27,13,1,3,3,46.3,3,23.1,2025-04_to_2025-07
804RGV,2025-05-28,2,1,1,1,7.0,3,50.0,2025-04_to_2025-07
804RGV,2025-05-29,8,0,5,2,11.4,2,62.5,2025-04_to_2025-07
804RGV,2025-05-30,1,0,1,1,2.0,2,100.0,2025-04_to_2025-07
804RGV,2025-05-31,10,4,3,3,13.3,3,30.0,2025-04_to_2025-07
804RGV,2025-06-01,1,0,0,1,35.0,2,0.0,2025-04_to_2025-07
804RGV,2025-06-02,13,0,3,2,26.8,2,23.1,2025-04_to_2025-07
804RGV,2025-06-03,4,2,3,4,10.0,3,75.0,2025-04_to_2025-07
804RGV,2025-06-04,19,1,14,6,8.5,3,73.7,2025-04_to_2025-07
804RGV,2025-06-05,5,0,1,2,44.0,2,20.0,2025-04_to_2025-07
804RGV,2025-06-06,11,3,6,8,11.7,3,54.5,2025-04_to_2025-07
804RGV,2025-06-09,18,5,4,5,37.1,3,22.2,2025-04_to_2025-07
804RGV,2025-06-13,23,1,6,6,21.2,3,26.1,2025-04_to_2025-07
804RGV,2025-06-16,17,3,3,4,24.5,3,17.6,2025-04_to_2025-07
804RGV,2025-06-23,17,2,4,5,56.5,3,23.5,2025-04_to_2025-07
804RGV,2025-06-28,2,0,1,2,8.5,2,50.0,2025-04_to_2025-07
805RGV,2025-04-19,39,4,15,3,31.5,3,38.5,2025-04_to_2025-07
805RGV,2025-04-24,2,0,0,1,54.0,2,0.0,2025-04_to_2025-07
805RGV,2025-04-25,65,6,24,6,37.8,3,36.9,2025-04_to_2025-07
805RGV,2025-04-30,1,0,1,1,3.0,2,100.0,2025-04_to_2025-07
805RGV,2025-05-01,10,0,8,3,10.2,2,80.0,2025-04_to_2025-07
805RGV,2025-05-02,23,1,11,2,14.9,3,47.8,2025-04_to_2025-07
805RGV,2025-05-12,3,1,2,3,6.3,3,66.7,2025-04_to_2025-07
805RGV,2025-05-13,25,1,12,4,100.0,3,48.0,2025-04_to_2025-07
805RGV,2025-05-14,35,3,13,3,19.3,3,37.1,2025-04_to_2025-07
805RGV,2025-05-15,9,1,8,2,9.6,3,88.9,2025-04_to_2025-07
805RGV,2025-05-16,4,0,4,2,5.8,2,100.0,2025-04_to_2025-07
805RGV,2025-05-17,1,0,0,1,14.0,2,0.0,2025-04_to_2025-07
805RGV,2025-05-18,1,0,0,1,50.0,2,0.0,2025-04_to_2025-07
805RGV,2025-05-19,7,0,1,1,39.7,2,14.3,2025-04_to_2025-07
805RGV,2025-05-20,1,0,0,1,14.0,2,0.0,2025-04_to_2025-07
805RGV,2025-05-22,2,0,1,2,10.5,2,50.0,2025-04_to_2025-07
805RGV,2025-05-23,32,2,13,5,25.1,3,40.6,2025-04_to_2025-07
805RGV,2025-05-24,2,1,0,2,20.5,3,0.0,2025-04_to_2025-07
805RGV,2025-05-25,4,0,2,3,28.5,2,50.0,2025-04_to_2025-07
805RGV,2025-05-27,11,3,2,4,34.8,3,18.2,2025-04_to_2025-07
805RGV,2025-05-28,2,0,1,1,10.5,2,50.0,2025-04_to_2025-07
805RGV,2025-05-30,10,2,6,3,16.1,3,60.0,2025-04_to_2025-07
805RGV,2025-06-02,14,1,6,4,30.6,3,42.9,2025-04_to_2025-07
805RGV,2025-06-03,9,2,3,5,50.8,3,33.3,2025-04_to_2025-07
805RGV,2025-06-04,19,1,8,4,18.3,3,42.1,2025-04_to_2025-07
805RGV,2025-06-05,7,1,3,4,11.0,3,42.9,2025-04_to_2025-07
805RGV,2025-06-06,10,0,4,3,12.7,2,40.0,2025-04_to_2025-07
805RGV,2025-06-09,109,24,23,4,36.2,3,21.1,2025-04_to_2025-07
805RGV,2025-06-10,5,0,3,2,11.4,2,60.0,2025-04_to_2025-07
805RGV,2025-06-16,5,0,3,1,10.6,2,60.0,2025-04_to_2025-07
805RGV,2025-06-17,25,1,14,4,18.2,3,56.0,2025-04_to_2025-07
805RGV,2025-06-18,7,0,4,2,10.1,2,57.1,2025-04_to_2025-07
805RGV,2025-06-19,2,0,2,2,2.0,2,100.0,2025-04_to_2025-07
805RGV,2025-06-20,12,2,2,3,17.9,3,16.7,2025-04_to_2025-07
805RGV,2025-06-21,16,3,5,5,21.4,3,31.2,2025-04_to_2025-07
805RGV,2025-06-22,5,1,2,3,49.8,3,40.0,2025-04_to_2025-07
805RGV,2025-06-23,34,3,12,3,67.2,3,35.3,2025-04_to_2025-07
805RGV,2025-06-24,39,1,18,4,16.5,3,46.2,2025-04_to_2025-07
805RGV,2025-06-26,5,0,3,3,21.0,2,60.0,2025-04_to_2025-07
805RGV,2025-06-27,4,2,2,4,9.5,3,50.0,2025-04_to_2025-07
805RGV,2025-06-30,1,0,1,1,2.0,2,100.0,2025-04_to_2025-07
806RGV,2025-04-17,4,1,2,3,13.2,3,50.0,2025-04_to_2025-07
806RGV,2025-04-18,2,0,0,2,11.5,2,0.0,2025-04_to_2025-07
806RGV,2025-04-19,4,2,3,3,6.2,3,75.0,2025-04_to_2025-07
806RGV,2025-04-20,4,0,4,2,3.8,2,100.0,2025-04_to_2025-07
806RGV,2025-04-21,3,0,3,2,5.3,2,100.0,2025-04_to_2025-07
806RGV,2025-04-22,23,0,20,5,4.5,2,87.0,2025-04_to_2025-07
806RGV,2025-04-23,1,0,1,1,2.0,2,100.0,2025-04_to_2025-07
806RGV,2025-04-24,6,2,2,3,106.8,3,33.3,2025-04_to_2025-07
806RGV,2025-04-25,4,0,4,3,7.2,2,100.0,2025-04_to_2025-07
806RGV,2025-04-26,32,7,7,3,21.1,3,21.9,2025-04_to_2025-07
806RGV,2025-04-27,4,0,3,1,7.5,2,75.0,2025-04_to_2025-07
806RGV,2025-04-30,2,0,0,2,47.5,2,0.0,2025-04_to_2025-07
806RGV,2025-05-01,8,0,5,2,13.2,2,62.5,2025-04_to_2025-07
806RGV,2025-05-02,11,2,5,5,15.0,3,45.5,2025-04_to_2025-07
806RGV,2025-05-03,3,1,2,2,8.0,3,66.7,2025-04_to_2025-07
806RGV,2025-05-04,2,0,2,2,3.0,2,100.0,2025-04_to_2025-07
806RGV,2025-05-12,29,3,13,4,95.1,3,44.8,2025-04_to_2025-07
806RGV,2025-05-13,7,0,5,2,7.3,2,71.4,2025-04_to_2025-07
806RGV,2025-05-14,9,0,4,2,26.3,2,44.4,2025-04_to_2025-07
806RGV,2025-05-15,10,0,4,3,13.7,2,40.0,2025-04_to_2025-07
806RGV,2025-05-16,7,3,1,5,23.7,3,14.3,2025-04_to_2025-07
806RGV,2025-05-17,14,1,4,3,27.0,3,28.6,2025-04_to_2025-07
806RGV,2025-05-18,6,1,4,4,12.3,3,66.7,2025-04_to_2025-07
806RGV,2025-05-19,167,0,90,2,15.8,2,53.9,2025-04_to_2025-07
806RGV,2025-05-20,2,0,1,1,12.0,2,50.0,2025-04_to_2025-07
806RGV,2025-05-23,92,4,42,6,19.7,3,45.7,2025-04_to_2025-07
806RGV,2025-05-27,7,1,4,4,6.1,3,57.1,2025-04_to_2025-07
806RGV,2025-05-29,5,1,2,2,41.0,3,40.0,2025-04_to_2025-07
806RGV,2025-05-30,3,0,0,2,25.7,2,0.0,2025-04_to_2025-07
806RGV,2025-05-31,3,1,1,3,18.0,3,33.3,2025-04_to_2025-07
806RGV,2025-06-01,75,1,37,3,18.5,3,49.3,2025-04_to_2025-07
806RGV,2025-06-02,2,1,0,2,17.5,3,0.0,2025-04_to_2025-07
806RGV,2025-06-03,13,0,8,1,8.4,2,61.5,2025-04_to_2025-07
806RGV,2025-06-04,62,9,21,3,33.5,3,33.9,2025-04_to_2025-07
806RGV,2025-06-05,5,0,2,2,16.0,2,40.0,2025-04_to_2025-07
806RGV,2025-06-06,4,0,0,2,22.5,2,0.0,2025-04_to_2025-07
806RGV,2025-06-07,41,10,15,5,29.5,3,36.6,2025-04_to_2025-07
806RGV,2025-06-08,2,0,2,1,6.0,2,100.0,2025-04_to_2025-07
806RGV,2025-06-09,3,2,0,3,65.3,3,0.0,2025-04_to_2025-07
806RGV,2025-06-10,2,0,1,2,20.0,2,50.0,2025-04_to_2025-07
806RGV,2025-06-11,25,8,9,2,65.8,3,36.0,2025-04_to_2025-07
806RGV,2025-06-12,3,0,1,3,14.3,2,33.3,2025-04_to_2025-07
806RGV,2025-06-13,4,1,4,3,6.8,3,100.0,2025-04_to_2025-07
806RGV,2025-06-22,75,6,41,3,47.2,3,54.7,2025-04_to_2025-07
806RGV,2025-06-27,2,0,1,2,13.5,2,50.0,2025-04_to_2025-07
806RGV,2025-06-28,3,2,1,2,21.0,3,33.3,2025-04_to_2025-07
806RGV,2025-06-29,1,0,1,1,1.0,2,100.0,2025-04_to_2025-07
806RGV,2025-06-30,2,1,1,2,16.5,3,50.0,2025-04_to_2025-07
807RGV,2025-04-16,28,5,4,5,48.0,3,14.3,2025-04_to_2025-07
807RGV,2025-04-17,63,14,23,5,37.0,3,36.5,2025-04_to_2025-07
807RGV,2025-04-23,4,0,1,2,65.2,2,25.0,2025-04_to_2025-07
807RGV,2025-04-24,12,0,6,3,12.2,2,50.0,2025-04_to_2025-07
807RGV,2025-04-26,29,0,19,3,12.4,2,65.5,2025-04_to_2025-07
807RGV,2025-04-27,35,1,27,2,7.8,3,77.1,2025-04_to_2025-07
807RGV,2025-04-30,3,0,1,1,12.0,2,33.3,2025-04_to_2025-07
807RGV,2025-05-01,2,1,2,2,2.0,3,100.0,2025-04_to_2025-07
807RGV,2025-05-02,1,0,0,1,60.0,2,0.0,2025-04_to_2025-07
807RGV,2025-05-03,9,0,2,2,46.0,2,22.2,2025-04_to_2025-07
807RGV,2025-05-05,14,4,6,4,21.7,3,42.9,2025-04_to_2025-07
807RGV,2025-05-12,2,0,2,2,5.0,2,100.0,2025-04_to_2025-07
807RGV,2025-05-13,1,0,1,1,7.0,2,100.0,2025-04_to_2025-07
807RGV,2025-05-14,6,0,5,2,6.2,2,83.3,2025-04_to_2025-07
807RGV,2025-05-15,9,0,5,2,15.1,2,55.6,2025-04_to_2025-07
807RGV,2025-05-16,15,1,6,4,23.3,3,40.0,2025-04_to_2025-07
807RGV,2025-05-17,40,3,17,5,18.2,3,42.5,2025-04_to_2025-07
807RGV,2025-05-18,4,0,0,3,21.8,2,0.0,2025-04_to_2025-07
807RGV,2025-05-19,9,2,1,5,30.2,3,11.1,2025-04_to_2025-07
807RGV,2025-05-20,8,0,4,2,12.5,2,50.0,2025-04_to_2025-07
807RGV,2025-05-21,10,1,8,4,8.1,3,80.0,2025-04_to_2025-07
807RGV,2025-05-22,2,0,2,1,7.0,2,100.0,2025-04_to_2025-07
807RGV,2025-05-24,2,0,1,2,13.5,2,50.0,2025-04_to_2025-07
807RGV,2025-05-26,12,4,2,4,15.4,3,16.7,2025-04_to_2025-07
807RGV,2025-05-27,15,5,1,3,60.3,3,6.7,2025-04_to_2025-07
807RGV,2025-05-29,2,1,1,2,18.0,3,50.0,2025-04_to_2025-07
807RGV,2025-05-31,2,1,1,2,8.0,3,50.0,2025-04_to_2025-07
807RGV,2025-06-02,10,1,8,2,43.3,3,80.0,2025-04_to_2025-07
807RGV,2025-06-04,1,0,1,1,3.0,2,100.0,2025-04_to_2025-07
807RGV,2025-06-05,1,0,1,1,5.0,2,100.0,2025-04_to_2025-07
807RGV,2025-06-06,1,1,0,1,17.0,3,0.0,2025-04_to_2025-07
807RGV,2025-06-09,4,1,1,3,14.2,3,25.0,2025-04_to_2025-07
807RGV,2025-06-12,6,0,3,2,19.2,2,50.0,2025-04_to_2025-07
807RGV,2025-06-13,2,1,0,2,10.0,3,0.0,2025-04_to_2025-07
807RGV,2025-06-14,1,0,0,1,10.0,2,0.0,2025-04_to_2025-07
807RGV,2025-06-18,1,0,0,1,18.0,2,0.0,2025-04_to_2025-07
807RGV,2025-06-19,306,1,202,5,13.0,3,66.0,2025-04_to_2025-07
807RGV,2025-06-23,2,0,1,2,104.5,2,50.0,2025-04_to_2025-07
807RGV,2025-06-24,4,0,4,3,3.8,2,100.0,2025-04_to_2025-07
807RGV,2025-06-25,1,0,0,1,43.0,2,0.0,2025-04_to_2025-07
807RGV,2025-06-26,3,0,3,1,3.0,2,100.0,2025-04_to_2025-07
807RGV,2025-06-27,8,1,1,3,34.4,3,12.5,2025-04_to_2025-07
807RGV,2025-06-28,101,13,57,8,25.7,3,56.4,2025-04_to_2025-07
807RGV,2025-06-29,4,0,1,2,18.8,2,25.0,2025-04_to_2025-07
807RGV,2025-06-30,2,0,1,2,20.0,2,50.0,2025-04_to_2025-07
808RGV,2025-04-16,5,0,3,2,12.0,2,60.0,2025-04_to_2025-07
808RGV,2025-04-17,82,5,27,7,39.6,3,32.9,2025-04_to_2025-07
808RGV,2025-04-18,8,0,2,2,21.6,2,25.0,2025-04_to_2025-07
808RGV,2025-04-19,61,5,31,6,15.6,3,50.8,2025-04_to_2025-07
808RGV,2025-04-20,71,4,31,5,24.2,3,43.7,2025-04_to_2025-07
808RGV,2025-04-21,10,2,4,4,31.3,3,40.0,2025-04_to_2025-07
808RGV,2025-04-22,3,0,0,2,19.7,2,0.0,2025-04_to_2025-07
808RGV,2025-04-23,31,10,16,6,32.7,3,51.6,2025-04_to_2025-07
808RGV,2025-04-28,274,15,161,10,19.5,3,58.8,2025-04_to_2025-07
808RGV,2025-04-29,31,0,16,5,20.8,2,51.6,2025-04_to_2025-07
808RGV,2025-05-05,266,2,71,8,55.8,3,26.7,2025-04_to_2025-07
808RGV,2025-05-07,30,0,9,2,62.0,2,30.0,2025-04_to_2025-07
808RGV,2025-05-08,9,0,3,2,20.1,2,33.3,2025-04_to_2025-07
808RGV,2025-05-15,7,1,4,3,26.7,3,57.1,2025-04_to_2025-07
808RGV,2025-05-16,19,5,4,4,55.8,3,21.1,2025-04_to_2025-07
808RGV,2025-05-17,1,0,1,1,3.0,2,100.0,2025-04_to_2025-07
808RGV,2025-05-18,6,3,2,2,25.0,3,33.3,2025-04_to_2025-07
808RGV,2025-05-19,6,0,4,1,12.2,2,66.7,2025-04_to_2025-07
808RGV,2025-05-20,2,0,0,1,36.5,2,0.0,2025-04_to_2025-07
808RGV,2025-05-21,4,0,2,1,15.8,2,50.0,2025-04_to_2025-07
808RGV,2025-05-22,3,1,0,2,50.0,3,0.0,2025-04_to_2025-07
808RGV,2025-05-23,4,0,0,1,29.8,2,0.0,2025-04_to_2025-07
808RGV,2025-05-24,3,0,1,2,18.7,2,33.3,2025-04_to_2025-07
808RGV,2025-05-25,1,0,0,1,21.0,2,0.0,2025-04_to_2025-07
808RGV,2025-05-26,3,0,1,1,14.0,2,33.3,2025-04_to_2025-07
808RGV,2025-05-27,18,7,4,3,72.1,3,22.2,2025-04_to_2025-07
808RGV,2025-05-28,2,0,2,2,6.5,2,100.0,2025-04_to_2025-07
808RGV,2025-05-30,1,0,1,1,5.0,2,100.0,2025-04_to_2025-07
808RGV,2025-05-31,1,0,1,1,9.0,2,100.0,2025-04_to_2025-07
808RGV,2025-06-02,4,0,2,3,13.2,2,50.0,2025-04_to_2025-07
808RGV,2025-06-04,1,0,0,1,42.0,2,0.0,2025-04_to_2025-07
808RGV,2025-06-05,3,0,1,1,37.0,2,33.3,2025-04_to_2025-07
808RGV,2025-06-06,9,2,2,5,22.3,3,22.2,2025-04_to_2025-07
808RGV,2025-06-09,35,0,11,3,159.4,2,31.4,2025-04_to_2025-07
808RGV,2025-06-11,82,3,35,3,20.0,3,42.7,2025-04_to_2025-07
808RGV,2025-06-13,4,0,1,1,38.2,2,25.0,2025-04_to_2025-07
808RGV,2025-06-14,10,3,5,5,16.7,3,50.0,2025-04_to_2025-07
808RGV,2025-06-15,11,3,3,4,13.3,3,27.3,2025-04_to_2025-07
808RGV,2025-06-16,2,0,2,1,4.5,2,100.0,2025-04_to_2025-07
808RGV,2025-06-18,3,0,3,1,4.0,2,100.0,2025-04_to_2025-07
808RGV,2025-06-19,4,1,3,3,4.8,3,75.0,2025-04_to_2025-07
808RGV,2025-06-21,5,0,3,2,13.2,2,60.0,2025-04_to_2025-07
808RGV,2025-06-22,1,0,1,1,6.0,2,100.0,2025-04_to_2025-07
808RGV,2025-06-23,7,0,5,1,7.9,2,71.4,2025-04_to_2025-07
808RGV,2025-06-24,2,0,1,1,16.0,2,50.0,2025-04_to_2025-07
808RGV,2025-06-25,8,1,2,4,50.1,3,25.0,2025-04_to_2025-07
808RGV,2025-06-26,8,1,1,3,37.6,3,12.5,2025-04_to_2025-07
808RGV,2025-06-28,11,0,2,2,23.8,2,18.2,2025-04_to_2025-07
808RGV,2025-06-29,2,0,2,1,5.0,2,100.0,2025-04_to_2025-07
809RGV,2025-04-16,2,0,0,2,25.5,2,0.0,2025-04_to_2025-07
809RGV,2025-04-17,2,0,1,2,36.0,2,50.0,2025-04_to_2025-07
809RGV,2025-04-18,2,0,2,2,2.5,2,100.0,2025-04_to_2025-07
809RGV,2025-04-19,8,2,3,4,19.8,3,37.5,2025-04_to_2025-07
809RGV,2025-04-23,347,27,145,5,33.4,3,41.8,2025-04_to_2025-07
809RGV,2025-04-24,265,5,89,6,48.4,3,33.6,2025-04_to_2025-07
809RGV,2025-04-25,25,2,8,6,44.0,3,32.0,2025-04_to_2025-07
809RGV,2025-04-30,10,0,5,2,22.5,2,50.0,2025-04_to_2025-07
809RGV,2025-05-01,13,2,4,5,33.8,3,30.8,2025-04_to_2025-07
809RGV,2025-05-02,29,1,9,4,37.8,3,31.0,2025-04_to_2025-07
809RGV,2025-05-03,29,3,16,5,13.7,3,55.2,2025-04_to_2025-07
809RGV,2025-05-04,7,0,0,2,36.7,2,0.0,2025-04_to_2025-07
809RGV,2025-05-05,115,32,21,8,45.7,3,18.3,2025-04_to_2025-07
809RGV,2025-05-11,557,36,184,6,51.3,3,33.0,2025-04_to_2025-07
809RGV,2025-05-12,816,31,301,7,37.6,3,36.9,2025-04_to_2025-07
809RGV,2025-05-13,316,103,91,7,41.2,3,28.8,2025-04_to_2025-07
809RGV,2025-05-14,25,3,6,5,50.4,3,24.0,2025-04_to_2025-07
809RGV,2025-05-15,21,4,8,5,17.0,3,38.1,2025-04_to_2025-07
809RGV,2025-05-16,12,2,2,4,17.8,3,16.7,2025-04_to_2025-07
809RGV,2025-05-17,41,4,25,5,15.3,3,61.0,2025-04_to_2025-07
809RGV,2025-05-26,4,2,2,2,16.5,3,50.0,2025-04_to_2025-07
809RGV,2025-05-27,6,1,2,3,16.8,3,33.3,2025-04_to_2025-07
809RGV,2025-05-28,79,5,33,7,29.7,3,41.8,2025-04_to_2025-07
809RGV,2025-05-29,16,0,5,2,41.3,2,31.2,2025-04_to_2025-07
809RGV,2025-05-30,2,0,0,2,55.0,2,0.0,2025-04_to_2025-07
809RGV,2025-06-02,2,0,0,2,16.0,2,0.0,2025-04_to_2025-07
809RGV,2025-06-03,5,0,3,3,12.6,2,60.0,2025-04_to_2025-07
809RGV,2025-06-05,7,2,3,3,22.4,3,42.9,2025-04_to_2025-07
809RGV,2025-06-06,99,0,54,6,37.9,2,54.5,2025-04_to_2025-07
809RGV,2025-06-07,24,3,10,6,13.8,3,41.7,2025-04_to_2025-07
809RGV,2025-06-08,4,0,1,3,26.5,2,25.0,2025-04_to_2025-07
809RGV,2025-06-11,5,0,2,1,29.8,2,40.0,2025-04_to_2025-07
809RGV,2025-06-12,3,1,2,2,33.0,3,66.7,2025-04_to_2025-07
809RGV,2025-06-15,225,14,86,6,58.7,3,38.2,2025-04_to_2025-07
809RGV,2025-06-16,23,1,3,2,193.8,3,13.0,2025-04_to_2025-07
809RGV,2025-06-17,61,2,16,5,60.4,3,26.2,2025-04_to_2025-07
809RGV,2025-06-18,22,2,12,5,14.3,3,54.5,2025-04_to_2025-07
809RGV,2025-06-19,3,0,1,2,11.3,2,33.3,2025-04_to_2025-07
809RGV,2025-06-20,18,3,8,5,22.0,3,44.4,2025-04_to_2025-07
809RGV,2025-06-24,7,0,2,1,25.4,2,28.6,2025-04_to_2025-07
809RGV,2025-06-25,50,0,22,3,37.4,2,44.0,2025-04_to_2025-07
809RGV,2025-06-26,24,2,9,5,19.0,3,37.5,2025-04_to_2025-07
809RGV,2025-06-27,37,2,18,4,17.3,3,48.6,2025-04_to_2025-07
809RGV,2025-06-28,18,0,7,3,20.5,2,38.9,2025-04_to_2025-07
809RGV,2025-06-29,13,0,1,2,28.0,2,7.7,2025-04_to_2025-07
809RGV,2025-06-30,20,0,7,3,108.2,2,35.0,2025-04_to_2025-07
810RGV,2025-04-18,1,0,1,1,4.0,2,100.0,2025-04_to_2025-07
810RGV,2025-04-19,3,1,1,3,55.3,3,33.3,2025-04_to_2025-07
810RGV,2025-04-20,1,0,1,1,9.0,2,100.0,2025-04_to_2025-07
810RGV,2025-04-21,72,17,39,9,41.8,3,54.2,2025-04_to_2025-07
810RGV,2025-04-22,1,0,1,1,4.0,2,100.0,2025-04_to_2025-07
810RGV,2025-04-23,1,0,0,1,11.0,2,0.0,2025-04_to_2025-07
810RGV,2025-04-24,5,0,1,2,60.2,2,20.0,2025-04_to_2025-07
810RGV,2025-04-25,7,0,4,2,18.1,2,57.1,2025-04_to_2025-07
810RGV,2025-04-26,11,0,1,2,37.8,2,9.1,2025-04_to_2025-07
810RGV,2025-04-27,4,0,2,2,29.0,2,50.0,2025-04_to_2025-07
810RGV,2025-04-28,2,1,0,2,10.5,3,0.0,2025-04_to_2025-07
810RGV,2025-04-30,10,1,7,3,8.2,3,70.0,2025-04_to_2025-07
810RGV,2025-05-01,10,2,4,3,25.7,3,40.0,2025-04_to_2025-07
810RGV,2025-05-02,1,0,0,1,36.0,2,0.0,2025-04_to_2025-07
810RGV,2025-05-03,1,0,1,1,3.0,2,100.0,2025-04_to_2025-07
810RGV,2025-05-04,3,0,0,1,36.3,2,0.0,2025-04_to_2025-07
810RGV,2025-05-05,1,0,0,1,20.0,2,0.0,2025-04_to_2025-07
810RGV,2025-05-06,2,0,1,2,7.5,2,50.0,2025-04_to_2025-07
810RGV,2025-05-07,13,3,2,4,21.8,3,15.4,2025-04_to_2025-07
810RGV,2025-05-11,5,2,1,4,14.0,3,20.0,2025-04_to_2025-07
810RGV,2025-05-12,1,0,0,1,27.0,2,0.0,2025-04_to_2025-07
810RGV,2025-05-13,2,0,2,2,5.0,2,100.0,2025-04_to_2025-07
810RGV,2025-05-14,7,1,2,3,14.6,3,28.6,2025-04_to_2025-07
810RGV,2025-05-15,3,0,1,2,62.3,2,33.3,2025-04_to_2025-07
810RGV,2025-05-16,2,0,0,1,37.5,2,0.0,2025-04_to_2025-07
810RGV,2025-05-17,3,1,0,3,16.3,3,0.0,2025-04_to_2025-07
810RGV,2025-05-19,21,8,5,5,148.0,3,23.8,2025-04_to_2025-07
810RGV,2025-05-20,105,2,44,4,22.2,3,41.9,2025-04_to_2025-07
810RGV,2025-05-21,34,0,7,3,115.0,2,20.6,2025-04_to_2025-07
810RGV,2025-05-22,4,0,0,3,26.5,2,0.0,2025-04_to_2025-07
810RGV,2025-05-23,168,2,68,4,36.5,3,40.5,2025-04_to_2025-07
810RGV,2025-05-25,5,0,3,2,13.2,2,60.0,2025-04_to_2025-07
810RGV,2025-05-26,14,2,5,4,28.7,3,35.7,2025-04_to_2025-07
810RGV,2025-05-27,3,0,0,1,37.0,2,0.0,2025-04_to_2025-07
810RGV,2025-05-28,3,0,2,3,11.0,2,66.7,2025-04_to_2025-07
810RGV,2025-05-30,3,1,2,3,7.7,3,66.7,2025-04_to_2025-07
810RGV,2025-05-31,2,0,1,2,15.5,2,50.0,2025-04_to_2025-07
810RGV,2025-06-01,1,0,0,1,11.0,2,0.0,2025-04_to_2025-07
810RGV,2025-06-02,4,1,0,3,15.2,3,0.0,2025-04_to_2025-07
810RGV,2025-06-04,1,0,1,1,7.0,2,100.0,2025-04_to_2025-07
810RGV,2025-06-05,1,0,1,1,9.0,2,100.0,2025-04_to_2025-07
810RGV,2025-06-06,10,3,0,4,26.2,3,0.0,2025-04_to_2025-07
810RGV,2025-06-07,1,0,1,1,7.0,2,100.0,2025-04_to_2025-07
810RGV,2025-06-09,7,3,0,5,34.0,3,0.0,2025-04_to_2025-07
810RGV,2025-06-10,2,0,1,2,11.0,2,50.0,2025-04_to_2025-07
810RGV,2025-06-11,2,1,1,2,6.5,3,50.0,2025-04_to_2025-07
810RGV,2025-06-12,10,2,4,4,30.5,3,40.0,2025-04_to_2025-07
810RGV,2025-06-14,1,0,1,1,7.0,2,100.0,2025-04_to_2025-07
810RGV,2025-06-15,3,0,2,1,9.7,2,66.7,2025-04_to_2025-07
810RGV,2025-06-17,4,1,3,3,6.2,3,75.0,2025-04_to_2025-07
810RGV,2025-06-20,5,1,2,3,16.2,3,40.0,2025-04_to_2025-07
810RGV,2025-06-23,2,0,1,1,12.5,2,50.0,2025-04_to_2025-07
810RGV,2025-06-24,19,5,3,5,120.1,3,15.8,2025-04_to_2025-07
810RGV,2025-06-25,4,1,0,4,18.5,3,0.0,2025-04_to_2025-07
810RGV,2025-06-26,1,0,0,1,134.0,2,0.0,2025-04_to_2025-07
810RGV,2025-06-27,15,0,6,2,26.0,2,40.0,2025-04_to_2025-07
811RGV,2025-04-16,5,0,2,2,18.4,2,40.0,2025-04_to_2025-07
811RGV,2025-04-17,15,0,10,2,11.7,2,66.7,2025-04_to_2025-07
811RGV,2025-04-18,4,0,1,1,33.8,2,25.0,2025-04_to_2025-07
811RGV,2025-04-21,311,71,155,4,23.7,3,49.8,2025-04_to_2025-07
811RGV,2025-04-22,40,3,26,4,9.9,3,65.0,2025-04_to_2025-07
811RGV,2025-04-24,71,20,14,3,52.4,3,19.7,2025-04_to_2025-07
811RGV,2025-04-25,78,2,37,5,38.2,3,47.4,2025-04_to_2025-07
811RGV,2025-04-26,2,1,2,2,4.5,3,100.0,2025-04_to_2025-07
811RGV,2025-04-27,8,1,6,4,7.1,3,75.0,2025-04_to_2025-07
811RGV,2025-04-29,3,1,2,3,8.7,3,66.7,2025-04_to_2025-07
811RGV,2025-04-30,65,14,24,11,47.0,3,36.9,2025-04_to_2025-07
811RGV,2025-05-01,31,3,15,9,34.1,3,48.4,2025-04_to_2025-07
811RGV,2025-05-02,33,5,14,4,16.4,3,42.4,2025-04_to_2025-07
811RGV,2025-05-03,12,1,7,3,18.8,3,58.3,2025-04_to_2025-07
811RGV,2025-05-04,2,1,0,2,15.0,3,0.0,2025-04_to_2025-07
811RGV,2025-05-09,1,0,1,1,3.0,2,100.0,2025-04_to_2025-07
811RGV,2025-05-10,3,1,3,2,2.0,3,100.0,2025-04_to_2025-07
811RGV,2025-05-12,15,1,11,3,5.4,3,73.3,2025-04_to_2025-07
811RGV,2025-05-13,3,1,1,3,99.7,3,33.3,2025-04_to_2025-07
811RGV,2025-05-14,17,4,8,5,13.6,3,47.1,2025-04_to_2025-07
811RGV,2025-05-15,12,0,7,2,13.8,2,58.3,2025-04_to_2025-07
811RGV,2025-05-16,72,1,43,6,33.9,3,59.7,2025-04_to_2025-07
811RGV,2025-05-17,19,4,4,3,69.6,3,21.1,2025-04_to_2025-07
811RGV,2025-05-19,62,14,13,4,50.4,3,21.0,2025-04_to_2025-07
811RGV,2025-05-21,77,19,25,5,20.1,3,32.5,2025-04_to_2025-07
811RGV,2025-05-22,4,1,2,2,7.5,3,50.0,2025-04_to_2025-07
811RGV,2025-05-24,25,2,21,3,5.3,3,84.0,2025-04_to_2025-07
811RGV,2025-05-25,82,4,56,7,11.7,3,68.3,2025-04_to_2025-07
811RGV,2025-05-26,59,0,36,5,27.1,2,61.0,2025-04_to_2025-07
811RGV,2025-05-27,4,0,2,2,19.2,2,50.0,2025-04_to_2025-07
811RGV,2025-05-28,2,0,2,1,7.0,2,100.0,2025-04_to_2025-07
811RGV,2025-05-29,180,1,93,6,27.4,3,51.7,2025-04_to_2025-07
811RGV,2025-05-30,86,13,36,5,17.9,3,41.9,2025-04_to_2025-07
811RGV,2025-05-31,119,0,38,2,35.8,2,31.9,2025-04_to_2025-07
811RGV,2025-06-01,1,1,0,1,14.0,3,0.0,2025-04_to_2025-07
811RGV,2025-06-02,51,11,22,5,33.6,3,43.1,2025-04_to_2025-07
811RGV,2025-06-03,9,1,5,3,12.2,3,55.6,2025-04_to_2025-07
811RGV,2025-06-04,5,1,4,2,12.2,3,80.0,2025-04_to_2025-07
811RGV,2025-06-05,36,0,21,5,13.5,2,58.3,2025-04_to_2025-07
811RGV,2025-06-06,43,5,22,8,22.9,3,51.2,2025-04_to_2025-07
811RGV,2025-06-09,11,2,5,4,29.9,3,45.5,2025-04_to_2025-07
811RGV,2025-06-10,18,3,8,4,33.1,3,44.4,2025-04_to_2025-07
811RGV,2025-06-11,4,0,1,1,11.0,2,25.0,2025-04_to_2025-07
811RGV,2025-06-12,3,0,2,2,8.7,2,66.7,2025-04_to_2025-07
811RGV,2025-06-13,6,0,3,1,10.8,2,50.0,2025-04_to_2025-07
811RGV,2025-06-14,8,0,8,1,2.2,2,100.0,2025-04_to_2025-07
811RGV,2025-06-15,11,0,7,4,24.5,2,63.6,2025-04_to_2025-07
811RGV,2025-06-16,4,2,2,3,52.2,3,50.0,2025-04_to_2025-07
811RGV,2025-06-17,6,0,4,2,10.3,2,66.7,2025-04_to_2025-07
811RGV,2025-06-18,11,0,2,3,188.4,2,18.2,2025-04_to_2025-07
811RGV,2025-06-19,9,0,2,2,179.8,2,22.2,2025-04_to_2025-07
811RGV,2025-06-20,6,0,4,3,11.5,2,66.7,2025-04_to_2025-07
811RGV,2025-06-21,3,0,2,1,20.3,2,66.7,2025-04_to_2025-07
811RGV,2025-06-25,16,1,12,3,9.1,3,75.0,2025-04_to_2025-07
811RGV,2025-06-26,5,1,2,3,9.8,3,40.0,2025-04_to_2025-07
811RGV,2025-06-27,99,5,62,9,21.5,3,62.6,2025-04_to_2025-07
811RGV,2025-06-28,305,1,245,7,12.9,3,80.3,2025-04_to_2025-07
811RGV,2025-06-29,371,2,272,6,42.8,3,73.3,2025-04_to_2025-07
811RGV,2025-06-30,2,0,0,1,27.0,2,0.0,2025-04_to_2025-07
812RGV,2025-04-16,6,1,2,4,15.3,3,33.3,2025-04_to_2025-07
812RGV,2025-04-17,4,1,1,3,18.0,3,25.0,2025-04_to_2025-07
812RGV,2025-04-18,10,0,6,3,12.7,2,60.0,2025-04_to_2025-07
812RGV,2025-04-21,132,1,69,6,27.5,3,52.3,2025-04_to_2025-07
812RGV,2025-04-22,4,0,2,1,14.2,2,50.0,2025-04_to_2025-07
812RGV,2025-04-24,14,1,7,4,20.3,3,50.0,2025-04_to_2025-07
812RGV,2025-04-25,58,4,36,8,11.5,3,62.1,2025-04_to_2025-07
812RGV,2025-04-27,41,5,5,5,60.2,3,12.2,2025-04_to_2025-07
812RGV,2025-04-28,6,1,4,3,12.7,3,66.7,2025-04_to_2025-07
812RGV,2025-04-29,2,0,2,2,3.5,2,100.0,2025-04_to_2025-07
812RGV,2025-04-30,23,2,9,4,21.2,3,39.1,2025-04_to_2025-07
812RGV,2025-05-01,16,3,4,5,21.2,3,25.0,2025-04_to_2025-07
812RGV,2025-05-02,22,0,8,3,16.4,2,36.4,2025-04_to_2025-07
812RGV,2025-05-03,16,0,9,2,18.8,2,56.2,2025-04_to_2025-07
812RGV,2025-05-04,2,0,0,2,37.0,2,0.0,2025-04_to_2025-07
812RGV,2025-05-05,18,0,14,3,10.8,2,77.8,2025-04_to_2025-07
812RGV,2025-05-06,14,0,7,2,22.1,2,50.0,2025-04_to_2025-07
812RGV,2025-05-07,36,2,16,2,19.9,3,44.4,2025-04_to_2025-07
812RGV,2025-05-09,9,2,2,4,22.6,3,22.2,2025-04_to_2025-07
812RGV,2025-05-10,33,2,14,5,31.7,3,42.4,2025-04_to_2025-07
812RGV,2025-05-11,37,10,11,5,36.3,3,29.7,2025-04_to_2025-07
812RGV,2025-05-12,15,2,7,4,12.1,3,46.7,2025-04_to_2025-07
812RGV,2025-05-13,23,5,11,5,25.5,3,47.8,2025-04_to_2025-07
812RGV,2025-05-14,25,7,7,5,46.2,3,28.0,2025-04_to_2025-07
812RGV,2025-05-15,27,0,11,3,45.4,2,40.7,2025-04_to_2025-07
812RGV,2025-05-16,6,0,1,1,39.8,2,16.7,2025-04_to_2025-07
812RGV,2025-05-17,25,10,4,4,46.0,3,16.0,2025-04_to_2025-07
812RGV,2025-05-19,13,0,4,3,85.8,2,30.8,2025-04_to_2025-07
812RGV,2025-05-20,17,1,8,4,12.1,3,47.1,2025-04_to_2025-07
812RGV,2025-05-21,4,0,4,2,5.5,2,100.0,2025-04_to_2025-07
812RGV,2025-05-23,1,0,0,1,12.0,2,0.0,2025-04_to_2025-07
812RGV,2025-05-24,1,0,1,1,8.0,2,100.0,2025-04_to_2025-07
812RGV,2025-05-25,7,1,4,3,10.3,3,57.1,2025-04_to_2025-07
812RGV,2025-05-26,1,0,1,1,8.0,2,100.0,2025-04_to_2025-07
812RGV,2025-05-27,1,0,1,1,9.0,2,100.0,2025-04_to_2025-07
812RGV,2025-05-28,3,0,0,2,28.7,2,0.0,2025-04_to_2025-07
812RGV,2025-05-29,26,6,10,5,16.9,3,38.5,2025-04_to_2025-07
812RGV,2025-05-30,3,1,0,3,18.0,3,0.0,2025-04_to_2025-07
812RGV,2025-05-31,4,1,3,3,9.0,3,75.0,2025-04_to_2025-07
812RGV,2025-06-03,8,2,3,5,22.9,3,37.5,2025-04_to_2025-07
812RGV,2025-06-04,4,0,2,1,24.5,2,50.0,2025-04_to_2025-07
812RGV,2025-06-05,7,2,5,3,11.9,3,71.4,2025-04_to_2025-07
812RGV,2025-06-07,7,2,2,5,28.6,3,28.6,2025-04_to_2025-07
812RGV,2025-06-08,1,0,1,1,7.0,2,100.0,2025-04_to_2025-07
812RGV,2025-06-09,7,0,0,3,27.6,2,0.0,2025-04_to_2025-07
812RGV,2025-06-10,5,1,4,4,4.8,3,80.0,2025-04_to_2025-07
812RGV,2025-06-11,12,3,4,5,21.3,3,33.3,2025-04_to_2025-07
812RGV,2025-06-12,10,4,1,3,24.3,3,10.0,2025-04_to_2025-07
812RGV,2025-06-13,8,1,4,4,12.2,3,50.0,2025-04_to_2025-07
812RGV,2025-06-14,14,3,9,3,9.3,3,64.3,2025-04_to_2025-07
812RGV,2025-06-15,4,0,2,2,15.5,2,50.0,2025-04_to_2025-07
812RGV,2025-06-16,8,2,5,4,12.4,3,62.5,2025-04_to_2025-07
812RGV,2025-06-17,4,2,2,2,16.8,3,50.0,2025-04_to_2025-07
812RGV,2025-06-18,7,3,2,2,21.9,3,28.6,2025-04_to_2025-07
812RGV,2025-06-19,43,1,1,3,84.6,3,2.3,2025-04_to_2025-07
812RGV,2025-06-25,10,1,2,3,154.4,3,20.0,2025-04_to_2025-07
812RGV,2025-06-26,86,0,36,3,43.7,2,41.9,2025-04_to_2025-07
812RGV,2025-06-27,7,1,3,3,32.0,3,42.9,2025-04_to_2025-07
812RGV,2025-06-28,6,2,3,3,12.0,3,50.0,2025-04_to_2025-07
812RGV,2025-06-29,20,0,12,1,10.7,2,60.0,2025-04_to_2025-07
812RGV,2025-06-30,9,0,5,3,22.6,2,55.6,2025-04_to_2025-07
813RGV,2025-04-16,3,1,3,3,3.7,3,100.0,2025-04_to_2025-07
813RGV,2025-04-17,11,0,2,3,35.5,2,18.2,2025-04_to_2025-07
813RGV,2025-04-18,8,1,1,3,32.9,3,12.5,2025-04_to_2025-07
813RGV,2025-04-21,95,20,42,8,41.4,3,44.2,2025-04_to_2025-07
813RGV,2025-04-22,28,1,18,7,52.6,3,64.3,2025-04_to_2025-07
813RGV,2025-04-23,8,0,6,3,6.9,2,75.0,2025-04_to_2025-07
813RGV,2025-04-24,10,1,9,4,12.2,3,90.0,2025-04_to_2025-07
813RGV,2025-04-25,5,0,1,2,35.8,2,20.0,2025-04_to_2025-07
813RGV,2025-04-26,51,0,13,4,170.6,2,25.5,2025-04_to_2025-07
813RGV,2025-04-28,71,3,32,5,22.6,3,45.1,2025-04_to_2025-07
813RGV,2025-04-29,4,1,3,4,7.0,3,75.0,2025-04_to_2025-07
813RGV,2025-05-05,107,3,77,6,9.1,3,72.0,2025-04_to_2025-07
813RGV,2025-05-06,3,0,1,3,11.0,2,33.3,2025-04_to_2025-07
813RGV,2025-05-07,4,0,3,2,18.0,2,75.0,2025-04_to_2025-07
813RGV,2025-05-08,13,0,4,2,104.4,2,30.8,2025-04_to_2025-07
813RGV,2025-05-09,33,0,12,3,92.6,2,36.4,2025-04_to_2025-07
813RGV,2025-05-12,1,0,0,1,14.0,2,0.0,2025-04_to_2025-07
813RGV,2025-05-13,6,3,2,4,48.5,3,33.3,2025-04_to_2025-07
813RGV,2025-05-14,7,2,3,3,18.9,3,42.9,2025-04_to_2025-07
813RGV,2025-05-15,1,0,0,1,20.0,2,0.0,2025-04_to_2025-07
813RGV,2025-05-16,5,1,1,4,10.4,3,20.0,2025-04_to_2025-07
813RGV,2025-05-17,17,2,8,4,39.5,3,47.1,2025-04_to_2025-07
813RGV,2025-05-18,18,1,7,3,35.8,3,38.9,2025-04_to_2025-07
813RGV,2025-05-19,27,2,10,4,60.4,3,37.0,2025-04_to_2025-07
813RGV,2025-05-20,27,4,10,5,23.7,3,37.0,2025-04_to_2025-07
813RGV,2025-05-26,80,1,30,4,32.1,3,37.5,2025-04_to_2025-07
813RGV,2025-05-27,2,0,1,2,31.5,2,50.0,2025-04_to_2025-07
813RGV,2025-05-29,164,12,66,6,39.1,3,40.2,2025-04_to_2025-07
813RGV,2025-05-30,10,1,4,4,22.6,3,40.0,2025-04_to_2025-07
813RGV,2025-05-31,12,1,6,4,16.3,3,50.0,2025-04_to_2025-07
813RGV,2025-06-01,13,0,7,1,15.2,2,53.8,2025-04_to_2025-07
813RGV,2025-06-02,211,37,73,7,28.3,3,34.6,2025-04_to_2025-07
813RGV,2025-06-03,2,0,2,2,6.0,2,100.0,2025-04_to_2025-07
813RGV,2025-06-04,11,4,5,2,43.3,3,45.5,2025-04_to_2025-07
813RGV,2025-06-05,10,2,4,2,30.7,3,40.0,2025-04_to_2025-07
813RGV,2025-06-06,9,0,5,2,14.7,2,55.6,2025-04_to_2025-07
813RGV,2025-06-07,10,2,3,3,37.5,3,30.0,2025-04_to_2025-07
813RGV,2025-06-08,4,0,1,1,43.5,2,25.0,2025-04_to_2025-07
813RGV,2025-06-09,12,2,6,4,13.0,3,50.0,2025-04_to_2025-07
813RGV,2025-06-10,1,0,0,1,44.0,2,0.0,2025-04_to_2025-07
813RGV,2025-06-11,9,2,2,4,24.6,3,22.2,2025-04_to_2025-07
813RGV,2025-06-12,5,0,3,3,9.2,2,60.0,2025-04_to_2025-07
813RGV,2025-06-13,1,0,1,1,4.0,2,100.0,2025-04_to_2025-07
813RGV,2025-06-14,5,0,2,2,15.0,2,40.0,2025-04_to_2025-07
813RGV,2025-06-15,4,1,1,2,10.2,3,25.0,2025-04_to_2025-07
813RGV,2025-06-16,1,0,0,1,15.0,2,0.0,2025-04_to_2025-07
813RGV,2025-06-17,3,0,2,2,7.0,2,66.7,2025-04_to_2025-07
813RGV,2025-06-18,5,0,2,2,8.6,2,40.0,2025-04_to_2025-07
813RGV,2025-06-19,5,1,3,3,6.6,3,60.0,2025-04_to_2025-07
813RGV,2025-06-25,1,0,0,1,25.0,2,0.0,2025-04_to_2025-07
813RGV,2025-06-26,24,0,14,5,18.1,2,58.3,2025-04_to_2025-07
813RGV,2025-06-27,21,3,6,2,81.0,3,28.6,2025-04_to_2025-07
814RGV,2025-04-17,2,1,1,2,12.5,3,50.0,2025-04_to_2025-07
814RGV,2025-04-18,7,1,4,3,19.6,3,57.1,2025-04_to_2025-07
814RGV,2025-04-19,19,4,5,4,42.9,3,26.3,2025-04_to_2025-07
814RGV,2025-04-21,3,0,1,2,24.3,2,33.3,2025-04_to_2025-07
814RGV,2025-04-23,2,0,0,1,56.0,2,0.0,2025-04_to_2025-07
814RGV,2025-04-24,3,2,0,3,14.0,3,0.0,2025-04_to_2025-07
814RGV,2025-04-25,3,0,0,2,19.7,2,0.0,2025-04_to_2025-07
814RGV,2025-04-27,5,1,4,3,4.2,3,80.0,2025-04_to_2025-07
814RGV,2025-04-28,1,0,0,1,48.0,2,0.0,2025-04_to_2025-07
814RGV,2025-04-29,9,2,4,5,20.4,3,44.4,2025-04_to_2025-07
814RGV,2025-05-02,1,0,1,1,5.0,2,100.0,2025-04_to_2025-07
814RGV,2025-05-04,2,1,0,2,19.5,3,0.0,2025-04_to_2025-07
814RGV,2025-05-05,24,4,9,5,55.8,3,37.5,2025-04_to_2025-07
814RGV,2025-05-07,62,0,23,2,22.2,2,37.1,2025-04_to_2025-07
814RGV,2025-05-09,102,4,31,4,71.5,3,30.4,2025-04_to_2025-07
814RGV,2025-05-10,24,0,18,3,8.7,2,75.0,2025-04_to_2025-07
814RGV,2025-05-12,9,0,6,2,10.7,2,66.7,2025-04_to_2025-07
814RGV,2025-05-13,11,0,4,2,17.8,2,36.4,2025-04_to_2025-07
814RGV,2025-05-14,4,0,1,3,26.8,2,25.0,2025-04_to_2025-07
814RGV,2025-05-15,3,0,2,2,6.7,2,66.7,2025-04_to_2025-07
814RGV,2025-05-16,4,1,1,4,21.5,3,25.0,2025-04_to_2025-07
814RGV,2025-05-17,4,2,3,4,12.5,3,75.0,2025-04_to_2025-07
814RGV,2025-05-18,3,1,1,3,10.0,3,33.3,2025-04_to_2025-07
814RGV,2025-05-19,1,0,1,1,5.0,2,100.0,2025-04_to_2025-07
814RGV,2025-05-21,11,5,3,5,74.1,3,27.3,2025-04_to_2025-07
814RGV,2025-05-23,1,0,1,1,5.0,2,100.0,2025-04_to_2025-07
814RGV,2025-05-24,3,0,3,3,5.7,2,100.0,2025-04_to_2025-07
814RGV,2025-05-28,6,2,3,4,9.8,3,50.0,2025-04_to_2025-07
814RGV,2025-05-29,3,1,2,3,10.0,3,66.7,2025-04_to_2025-07
814RGV,2025-05-30,5,2,3,4,14.4,3,60.0,2025-04_to_2025-07
814RGV,2025-05-31,3,1,0,3,24.0,3,0.0,2025-04_to_2025-07
814RGV,2025-06-01,1,0,1,1,4.0,2,100.0,2025-04_to_2025-07
814RGV,2025-06-02,4,1,1,3,13.0,3,25.0,2025-04_to_2025-07
814RGV,2025-06-03,4,1,0,3,17.0,3,0.0,2025-04_to_2025-07
814RGV,2025-06-04,4,2,2,4,14.2,3,50.0,2025-04_to_2025-07
814RGV,2025-06-05,1,0,1,1,4.0,2,100.0,2025-04_to_2025-07
814RGV,2025-06-07,2,0,2,2,4.5,2,100.0,2025-04_to_2025-07
814RGV,2025-06-09,10,2,3,4,208.8,3,30.0,2025-04_to_2025-07
814RGV,2025-06-10,3,0,2,1,19.7,2,66.7,2025-04_to_2025-07
814RGV,2025-06-11,8,0,5,2,7.8,2,62.5,2025-04_to_2025-07
814RGV,2025-06-12,1,0,0,1,21.0,2,0.0,2025-04_to_2025-07
814RGV,2025-06-13,4,1,2,3,8.5,3,50.0,2025-04_to_2025-07
814RGV,2025-06-14,5,1,2,3,13.2,3,40.0,2025-04_to_2025-07
814RGV,2025-06-15,2,0,2,2,5.0,2,100.0,2025-04_to_2025-07
814RGV,2025-06-18,2,0,1,2,12.5,2,50.0,2025-04_to_2025-07
814RGV,2025-06-19,18,3,9,5,130.4,3,50.0,2025-04_to_2025-07
814RGV,2025-06-20,6,1,6,3,4.8,3,100.0,2025-04_to_2025-07
814RGV,2025-06-23,10,1,0,4,19.5,3,0.0,2025-04_to_2025-07
814RGV,2025-06-24,18,1,9,4,48.3,3,50.0,2025-04_to_2025-07
814RGV,2025-06-25,20,4,11,4,16.1,3,55.0,2025-04_to_2025-07
814RGV,2025-06-26,9,0,6,3,21.0,2,66.7,2025-04_to_2025-07
814RGV,2025-06-27,16,1,13,3,17.7,3,81.2,2025-04_to_2025-07
814RGV,2025-06-30,14,0,5,3,16.7,2,35.7,2025-04_to_2025-07
815RGV,2025-04-16,3,0,1,2,12.3,2,33.3,2025-04_to_2025-07
815RGV,2025-04-17,5,2,3,3,18.8,3,60.0,2025-04_to_2025-07
815RGV,2025-04-18,4,1,2,2,11.2,3,50.0,2025-04_to_2025-07
815RGV,2025-04-19,3,0,2,2,8.0,2,66.7,2025-04_to_2025-07
815RGV,2025-04-22,15,0,7,3,61.1,2,46.7,2025-04_to_2025-07
815RGV,2025-04-24,55,9,20,5,18.4,3,36.4,2025-04_to_2025-07
815RGV,2025-04-25,6,0,5,2,6.8,2,83.3,2025-04_to_2025-07
815RGV,2025-04-26,17,2,8,3,19.1,3,47.1,2025-04_to_2025-07
815RGV,2025-04-27,5,0,3,3,10.4,2,60.0,2025-04_to_2025-07
815RGV,2025-04-30,7,0,5,2,7.7,2,71.4,2025-04_to_2025-07
815RGV,2025-05-01,4,0,4,2,4.8,2,100.0,2025-04_to_2025-07
815RGV,2025-05-02,4,0,4,2,4.8,2,100.0,2025-04_to_2025-07
815RGV,2025-05-03,172,4,109,7,22.6,3,63.4,2025-04_to_2025-07
815RGV,2025-05-05,14,0,7,3,15.4,2,50.0,2025-04_to_2025-07
815RGV,2025-05-06,3,1,2,2,5.7,3,66.7,2025-04_to_2025-07
815RGV,2025-05-07,9,0,6,2,8.9,2,66.7,2025-04_to_2025-07
815RGV,2025-05-12,13,2,10,5,8.0,3,76.9,2025-04_to_2025-07
815RGV,2025-05-13,53,17,13,4,31.5,3,24.5,2025-04_to_2025-07
815RGV,2025-05-14,12,3,7,4,13.1,3,58.3,2025-04_to_2025-07
815RGV,2025-05-15,5,1,2,3,14.2,3,40.0,2025-04_to_2025-07
815RGV,2025-05-16,3,1,0,3,25.7,3,0.0,2025-04_to_2025-07
815RGV,2025-05-17,9,0,5,3,8.6,2,55.6,2025-04_to_2025-07
815RGV,2025-05-18,105,8,23,4,93.1,3,21.9,2025-04_to_2025-07
815RGV,2025-05-19,5,0,4,2,6.4,2,80.0,2025-04_to_2025-07
815RGV,2025-05-20,7,1,2,4,13.4,3,28.6,2025-04_to_2025-07
815RGV,2025-05-21,18,6,7,5,21.6,3,38.9,2025-04_to_2025-07
815RGV,2025-05-22,12,1,7,1,16.7,3,58.3,2025-04_to_2025-07
815RGV,2025-06-03,2,0,2,2,4.5,2,100.0,2025-04_to_2025-07
815RGV,2025-06-06,1,0,1,1,4.0,2,100.0,2025-04_to_2025-07
815RGV,2025-06-17,2,1,0,2,17.0,3,0.0,2025-04_to_2025-07
815RGV,2025-06-18,1,0,0,1,14.0,2,0.0,2025-04_to_2025-07
815RGV,2025-06-24,7,0,4,2,9.4,2,57.1,2025-04_to_2025-07
815RGV,2025-06-30,3,1,0,2,28.0,3,0.0,2025-04_to_2025-07
816RGV,2025-04-16,2,1,1,2,9.5,3,50.0,2025-04_to_2025-07
816RGV,2025-04-17,7,1,3,3,28.7,3,42.9,2025-04_to_2025-07
816RGV,2025-04-18,27,7,6,5,30.0,3,22.2,2025-04_to_2025-07
816RGV,2025-04-22,7,2,6,4,7.9,3,85.7,2025-04_to_2025-07
816RGV,2025-04-23,67,1,36,6,49.6,3,53.7,2025-04_to_2025-07
816RGV,2025-04-24,5,0,3,2,10.4,2,60.0,2025-04_to_2025-07
816RGV,2025-04-25,16,0,8,3,13.8,2,50.0,2025-04_to_2025-07
816RGV,2025-04-26,13,0,5,4,47.8,2,38.5,2025-04_to_2025-07
816RGV,2025-04-27,7,2,2,4,19.0,3,28.6,2025-04_to_2025-07
816RGV,2025-04-29,8,1,2,3,14.6,3,25.0,2025-04_to_2025-07
816RGV,2025-05-07,11,1,5,3,17.8,3,45.5,2025-04_to_2025-07
816RGV,2025-05-12,12,1,9,4,12.3,3,75.0,2025-04_to_2025-07
816RGV,2025-05-13,22,5,16,7,13.1,3,72.7,2025-04_to_2025-07
816RGV,2025-05-14,9,2,8,5,5.6,3,88.9,2025-04_to_2025-07
816RGV,2025-05-15,2,0,1,1,76.5,2,50.0,2025-04_to_2025-07
816RGV,2025-05-16,2,1,0,2,17.0,3,0.0,2025-04_to_2025-07
816RGV,2025-05-19,33,1,16,3,46.2,3,48.5,2025-04_to_2025-07
816RGV,2025-05-25,1,0,1,1,6.0,2,100.0,2025-04_to_2025-07
816RGV,2025-05-26,3,0,3,2,5.0,2,100.0,2025-04_to_2025-07
816RGV,2025-05-27,12,0,4,2,15.0,2,33.3,2025-04_to_2025-07
816RGV,2025-05-28,60,9,30,6,22.6,3,50.0,2025-04_to_2025-07
816RGV,2025-05-29,1,1,0,1,37.0,3,0.0,2025-04_to_2025-07
816RGV,2025-05-30,3,1,1,2,55.0,3,33.3,2025-04_to_2025-07
816RGV,2025-06-02,23,0,10,3,26.7,2,43.5,2025-04_to_2025-07
816RGV,2025-06-03,61,0,10,3,53.0,2,16.4,2025-04_to_2025-07
816RGV,2025-06-04,24,1,13,4,43.8,3,54.2,2025-04_to_2025-07
816RGV,2025-06-05,13,1,7,3,24.2,3,53.8,2025-04_to_2025-07
816RGV,2025-06-06,13,1,6,4,19.1,3,46.2,2025-04_to_2025-07
816RGV,2025-06-09,1,0,1,1,7.0,2,100.0,2025-04_to_2025-07
816RGV,2025-06-10,21,1,8,4,127.9,3,38.1,2025-04_to_2025-07
816RGV,2025-06-11,7,2,1,5,77.1,3,14.3,2025-04_to_2025-07
816RGV,2025-06-14,1,0,0,1,36.0,2,0.0,2025-04_to_2025-07
816RGV,2025-06-15,1,0,1,1,5.0,2,100.0,2025-04_to_2025-07
816RGV,2025-06-17,1,0,1,1,7.0,2,100.0,2025-04_to_2025-07
816RGV,2025-06-18,4,1,2,3,15.8,3,50.0,2025-04_to_2025-07
816RGV,2025-06-19,2,1,2,2,2.5,3,100.0,2025-04_to_2025-07
816RGV,2025-06-20,2,0,1,1,9.5,2,50.0,2025-04_to_2025-07
816RGV,2025-06-23,3,1,1,3,10.3,3,33.3,2025-04_to_2025-07
816RGV,2025-06-24,8,1,3,3,10.6,3,37.5,2025-04_to_2025-07
8EXRGV,2025-05-25,1,0,0,1,53.0,2,0.0,2025-04_to_2025-07
8EXRGV,2025-05-30,2,0,1,2,18.5,2,50.0,2025-04_to_2025-07
8EXRGV,2025-06-04,4,2,2,1,22.0,3,50.0,2025-04_to_2025-07
8EXRGV,2025-06-27,1,0,1,1,7.0,2,100.0,2025-04_to_2025-07
8EXRGV,2025-06-28,3,0,1,2,20.7,2,33.3,2025-04_to_2025-07
