date,hour,total_alerts,critical_alerts,noise_alerts,unique_rooms,hour_label,export_period
2025-04-16,11,7,1,3,4,11:00,2025-04_to_2025-07
2025-04-16,12,1,0,0,1,12:00,2025-04_to_2025-07
2025-04-16,15,3,0,0,3,15:00,2025-04_to_2025-07
2025-04-16,16,4,0,2,3,16:00,2025-04_to_2025-07
2025-04-16,17,2,0,1,1,17:00,2025-04_to_2025-07
2025-04-16,18,4,1,0,1,18:00,2025-04_to_2025-07
2025-04-16,19,7,2,0,1,19:00,2025-04_to_2025-07
2025-04-16,20,12,2,5,5,20:00,2025-04_to_2025-07
2025-04-16,21,5,1,0,1,21:00,2025-04_to_2025-07
2025-04-16,23,9,1,5,4,23:00,2025-04_to_2025-07
2025-04-17,0,2,0,2,1,00:00,2025-04_to_2025-07
2025-04-17,1,4,2,2,1,01:00,2025-04_to_2025-07
2025-04-17,3,1,0,1,1,03:00,2025-04_to_2025-07
2025-04-17,8,13,3,5,6,08:00,2025-04_to_2025-07
2025-04-17,11,9,1,3,4,11:00,2025-04_to_2025-07
2025-04-17,12,6,1,2,1,12:00,2025-04_to_2025-07
2025-04-17,13,36,3,11,1,13:00,2025-04_to_2025-07
2025-04-17,14,28,0,5,2,14:00,2025-04_to_2025-07
2025-04-17,15,6,1,3,2,15:00,2025-04_to_2025-07
2025-04-17,16,3,0,2,3,16:00,2025-04_to_2025-07
2025-04-17,18,7,0,0,1,18:00,2025-04_to_2025-07
2025-04-17,19,1,0,0,1,19:00,2025-04_to_2025-07
2025-04-17,20,27,7,9,3,20:00,2025-04_to_2025-07
2025-04-17,22,5,0,3,1,22:00,2025-04_to_2025-07
2025-04-17,23,48,7,25,4,23:00,2025-04_to_2025-07
2025-04-18,0,3,1,2,2,00:00,2025-04_to_2025-07
2025-04-18,4,12,0,3,4,04:00,2025-04_to_2025-07
2025-04-18,7,1,0,0,1,07:00,2025-04_to_2025-07
2025-04-18,8,4,0,2,3,08:00,2025-04_to_2025-07
2025-04-18,9,5,0,5,3,09:00,2025-04_to_2025-07
2025-04-18,10,4,1,1,2,10:00,2025-04_to_2025-07
2025-04-18,11,6,0,4,2,11:00,2025-04_to_2025-07
2025-04-18,12,4,0,0,4,12:00,2025-04_to_2025-07
2025-04-18,16,23,3,6,5,16:00,2025-04_to_2025-07
2025-04-18,17,15,3,5,1,17:00,2025-04_to_2025-07
2025-04-18,18,8,4,3,1,18:00,2025-04_to_2025-07
2025-04-18,20,3,0,1,3,20:00,2025-04_to_2025-07
2025-04-18,21,6,1,2,2,21:00,2025-04_to_2025-07
2025-04-19,0,6,1,2,2,00:00,2025-04_to_2025-07
2025-04-19,3,5,1,2,2,03:00,2025-04_to_2025-07
2025-04-19,6,4,2,1,1,06:00,2025-04_to_2025-07
2025-04-19,7,7,1,1,1,07:00,2025-04_to_2025-07
2025-04-19,8,14,4,1,3,08:00,2025-04_to_2025-07
2025-04-19,9,3,0,2,1,09:00,2025-04_to_2025-07
2025-04-19,10,5,0,3,1,10:00,2025-04_to_2025-07
2025-04-19,11,16,0,9,3,11:00,2025-04_to_2025-07
2025-04-19,12,6,1,2,2,12:00,2025-04_to_2025-07
2025-04-19,13,1,0,0,1,13:00,2025-04_to_2025-07
2025-04-19,14,5,1,3,2,14:00,2025-04_to_2025-07
2025-04-19,16,5,1,1,4,16:00,2025-04_to_2025-07
2025-04-19,17,10,2,3,1,17:00,2025-04_to_2025-07
2025-04-19,19,1,0,0,1,19:00,2025-04_to_2025-07
2025-04-19,20,2,0,2,1,20:00,2025-04_to_2025-07
2025-04-19,21,11,0,6,1,21:00,2025-04_to_2025-07
2025-04-19,22,8,2,1,1,22:00,2025-04_to_2025-07
2025-04-19,23,28,2,20,1,23:00,2025-04_to_2025-07
2025-04-20,0,16,0,5,1,00:00,2025-04_to_2025-07
2025-04-20,1,4,0,2,1,01:00,2025-04_to_2025-07
2025-04-20,2,6,0,5,1,02:00,2025-04_to_2025-07
2025-04-20,3,7,1,2,1,03:00,2025-04_to_2025-07
2025-04-20,4,5,0,2,2,04:00,2025-04_to_2025-07
2025-04-20,5,17,2,8,1,05:00,2025-04_to_2025-07
2025-04-20,6,5,0,2,1,06:00,2025-04_to_2025-07
2025-04-20,7,7,0,3,1,07:00,2025-04_to_2025-07
2025-04-20,11,3,1,2,2,11:00,2025-04_to_2025-07
2025-04-20,15,1,0,0,1,15:00,2025-04_to_2025-07
2025-04-20,16,2,0,2,1,16:00,2025-04_to_2025-07
2025-04-20,19,3,0,3,2,19:00,2025-04_to_2025-07
2025-04-21,3,1,0,0,1,03:00,2025-04_to_2025-07
2025-04-21,4,2,1,0,1,04:00,2025-04_to_2025-07
2025-04-21,8,9,2,5,3,08:00,2025-04_to_2025-07
2025-04-21,12,8,0,6,5,12:00,2025-04_to_2025-07
2025-04-21,13,22,2,10,2,13:00,2025-04_to_2025-07
2025-04-21,14,111,35,41,3,14:00,2025-04_to_2025-07
2025-04-21,15,101,25,40,4,15:00,2025-04_to_2025-07
2025-04-21,16,105,10,62,6,16:00,2025-04_to_2025-07
2025-04-21,17,97,14,57,5,17:00,2025-04_to_2025-07
2025-04-21,18,29,5,16,3,18:00,2025-04_to_2025-07
2025-04-21,19,59,14,30,4,19:00,2025-04_to_2025-07
2025-04-21,20,5,0,5,2,20:00,2025-04_to_2025-07
2025-04-21,21,11,1,6,2,21:00,2025-04_to_2025-07
2025-04-21,22,32,2,17,2,22:00,2025-04_to_2025-07
2025-04-21,23,36,0,18,1,23:00,2025-04_to_2025-07
2025-04-22,0,30,2,22,1,00:00,2025-04_to_2025-07
2025-04-22,3,3,1,2,1,03:00,2025-04_to_2025-07
2025-04-22,8,1,0,0,1,08:00,2025-04_to_2025-07
2025-04-22,9,13,0,6,1,09:00,2025-04_to_2025-07
2025-04-22,10,9,1,3,2,10:00,2025-04_to_2025-07
2025-04-22,12,4,0,2,2,12:00,2025-04_to_2025-07
2025-04-22,13,2,0,1,1,13:00,2025-04_to_2025-07
2025-04-22,15,4,0,2,1,15:00,2025-04_to_2025-07
2025-04-22,16,5,0,3,2,16:00,2025-04_to_2025-07
2025-04-22,17,15,1,10,3,17:00,2025-04_to_2025-07
2025-04-22,18,10,0,7,4,18:00,2025-04_to_2025-07
2025-04-22,19,14,0,13,3,19:00,2025-04_to_2025-07
2025-04-22,20,10,0,8,2,20:00,2025-04_to_2025-07
2025-04-22,21,3,1,3,1,21:00,2025-04_to_2025-07
2025-04-22,23,6,1,3,2,23:00,2025-04_to_2025-07
2025-04-23,0,7,2,4,2,00:00,2025-04_to_2025-07
2025-04-23,3,2,0,1,2,03:00,2025-04_to_2025-07
2025-04-23,4,4,0,2,1,04:00,2025-04_to_2025-07
2025-04-23,6,1,0,1,1,06:00,2025-04_to_2025-07
2025-04-23,8,2,0,1,1,08:00,2025-04_to_2025-07
2025-04-23,11,6,0,4,2,11:00,2025-04_to_2025-07
2025-04-23,12,61,10,21,3,12:00,2025-04_to_2025-07
2025-04-23,13,62,1,23,3,13:00,2025-04_to_2025-07
2025-04-23,14,27,2,11,2,14:00,2025-04_to_2025-07
2025-04-23,15,44,4,20,3,15:00,2025-04_to_2025-07
2025-04-23,16,55,1,32,4,16:00,2025-04_to_2025-07
2025-04-23,17,50,4,18,4,17:00,2025-04_to_2025-07
2025-04-23,18,29,0,16,3,18:00,2025-04_to_2025-07
2025-04-23,19,42,2,21,6,19:00,2025-04_to_2025-07
2025-04-23,20,37,4,17,3,20:00,2025-04_to_2025-07
2025-04-23,21,33,5,13,4,21:00,2025-04_to_2025-07
2025-04-23,22,24,1,6,3,22:00,2025-04_to_2025-07
2025-04-23,23,47,10,16,3,23:00,2025-04_to_2025-07
2025-04-24,0,18,3,3,4,00:00,2025-04_to_2025-07
2025-04-24,1,10,1,3,2,01:00,2025-04_to_2025-07
2025-04-24,2,21,1,2,1,02:00,2025-04_to_2025-07
2025-04-24,3,48,0,17,3,03:00,2025-04_to_2025-07
2025-04-24,4,31,0,14,5,04:00,2025-04_to_2025-07
2025-04-24,5,17,0,6,2,05:00,2025-04_to_2025-07
2025-04-24,6,51,0,14,2,06:00,2025-04_to_2025-07
2025-04-24,7,48,0,16,1,07:00,2025-04_to_2025-07
2025-04-24,8,41,2,24,6,08:00,2025-04_to_2025-07
2025-04-24,9,15,0,5,2,09:00,2025-04_to_2025-07
2025-04-24,10,27,2,7,4,10:00,2025-04_to_2025-07
2025-04-24,11,29,5,13,6,11:00,2025-04_to_2025-07
2025-04-24,12,39,4,12,3,12:00,2025-04_to_2025-07
2025-04-24,13,16,2,2,2,13:00,2025-04_to_2025-07
2025-04-24,14,2,1,0,2,14:00,2025-04_to_2025-07
2025-04-24,15,40,17,12,3,15:00,2025-04_to_2025-07
2025-04-24,18,4,2,0,1,18:00,2025-04_to_2025-07
2025-04-24,19,1,0,1,1,19:00,2025-04_to_2025-07
2025-04-24,20,9,0,1,6,20:00,2025-04_to_2025-07
2025-04-24,22,1,0,1,1,22:00,2025-04_to_2025-07
2025-04-24,23,4,0,4,3,23:00,2025-04_to_2025-07
2025-04-25,0,7,0,6,2,00:00,2025-04_to_2025-07
2025-04-25,3,3,0,2,2,03:00,2025-04_to_2025-07
2025-04-25,4,2,0,2,1,04:00,2025-04_to_2025-07
2025-04-25,7,8,1,3,4,07:00,2025-04_to_2025-07
2025-04-25,8,32,3,14,7,08:00,2025-04_to_2025-07
2025-04-25,9,1,0,1,1,09:00,2025-04_to_2025-07
2025-04-25,11,18,1,7,7,11:00,2025-04_to_2025-07
2025-04-25,12,7,0,2,3,12:00,2025-04_to_2025-07
2025-04-25,13,14,1,6,3,13:00,2025-04_to_2025-07
2025-04-25,14,7,0,1,2,14:00,2025-04_to_2025-07
2025-04-25,15,49,1,25,5,15:00,2025-04_to_2025-07
2025-04-25,16,49,0,29,5,16:00,2025-04_to_2025-07
2025-04-25,17,39,4,18,4,17:00,2025-04_to_2025-07
2025-04-25,18,8,0,1,2,18:00,2025-04_to_2025-07
2025-04-25,19,4,0,1,1,19:00,2025-04_to_2025-07
2025-04-25,20,12,0,8,5,20:00,2025-04_to_2025-07
2025-04-25,21,40,5,12,2,21:00,2025-04_to_2025-07
2025-04-25,23,8,0,4,4,23:00,2025-04_to_2025-07
2025-04-26,0,5,0,2,3,00:00,2025-04_to_2025-07
2025-04-26,4,12,0,2,5,04:00,2025-04_to_2025-07
2025-04-26,6,14,0,8,1,06:00,2025-04_to_2025-07
2025-04-26,7,7,2,1,2,07:00,2025-04_to_2025-07
2025-04-26,8,21,0,15,5,08:00,2025-04_to_2025-07
2025-04-26,9,15,4,3,1,09:00,2025-04_to_2025-07
2025-04-26,11,7,0,2,4,11:00,2025-04_to_2025-07
2025-04-26,12,2,0,0,1,12:00,2025-04_to_2025-07
2025-04-26,14,7,0,1,1,14:00,2025-04_to_2025-07
2025-04-26,15,10,0,1,1,15:00,2025-04_to_2025-07
2025-04-26,16,14,0,2,2,16:00,2025-04_to_2025-07
2025-04-26,17,2,0,1,1,17:00,2025-04_to_2025-07
2025-04-26,18,1,0,0,1,18:00,2025-04_to_2025-07
2025-04-26,19,6,1,4,3,19:00,2025-04_to_2025-07
2025-04-26,20,3,0,2,1,20:00,2025-04_to_2025-07
2025-04-26,21,6,0,4,1,21:00,2025-04_to_2025-07
2025-04-26,22,11,0,4,2,22:00,2025-04_to_2025-07
2025-04-26,23,20,3,7,4,23:00,2025-04_to_2025-07
2025-04-27,0,17,0,13,1,00:00,2025-04_to_2025-07
2025-04-27,1,3,1,0,1,01:00,2025-04_to_2025-07
2025-04-27,2,2,0,2,1,02:00,2025-04_to_2025-07
2025-04-27,3,3,0,1,3,03:00,2025-04_to_2025-07
2025-04-27,4,4,0,4,2,04:00,2025-04_to_2025-07
2025-04-27,5,2,0,2,1,05:00,2025-04_to_2025-07
2025-04-27,6,2,0,1,2,06:00,2025-04_to_2025-07
2025-04-27,7,10,2,4,2,07:00,2025-04_to_2025-07
2025-04-27,8,3,0,2,2,08:00,2025-04_to_2025-07
2025-04-27,9,5,1,4,1,09:00,2025-04_to_2025-07
2025-04-27,10,1,0,1,1,10:00,2025-04_to_2025-07
2025-04-27,11,7,1,5,4,11:00,2025-04_to_2025-07
2025-04-27,13,5,0,5,2,13:00,2025-04_to_2025-07
2025-04-27,14,2,0,2,1,14:00,2025-04_to_2025-07
2025-04-27,16,5,0,0,2,16:00,2025-04_to_2025-07
2025-04-27,18,16,3,1,1,18:00,2025-04_to_2025-07
2025-04-27,19,21,2,4,1,19:00,2025-04_to_2025-07
2025-04-27,23,1,0,1,1,23:00,2025-04_to_2025-07
2025-04-28,7,3,0,0,1,07:00,2025-04_to_2025-07
2025-04-28,8,56,9,23,3,08:00,2025-04_to_2025-07
2025-04-28,9,33,2,13,4,09:00,2025-04_to_2025-07
2025-04-28,10,11,0,7,1,10:00,2025-04_to_2025-07
2025-04-28,12,8,0,4,3,12:00,2025-04_to_2025-07
2025-04-28,13,31,2,18,2,13:00,2025-04_to_2025-07
2025-04-28,14,25,1,17,4,14:00,2025-04_to_2025-07
2025-04-28,15,42,1,30,3,15:00,2025-04_to_2025-07
2025-04-28,16,6,0,2,1,16:00,2025-04_to_2025-07
2025-04-28,17,63,1,40,1,17:00,2025-04_to_2025-07
2025-04-28,18,47,3,30,1,18:00,2025-04_to_2025-07
2025-04-28,19,26,2,15,2,19:00,2025-04_to_2025-07
2025-04-28,20,24,1,7,3,20:00,2025-04_to_2025-07
2025-04-28,21,4,0,2,1,21:00,2025-04_to_2025-07
2025-04-28,22,5,0,2,1,22:00,2025-04_to_2025-07
2025-04-28,23,6,0,5,2,23:00,2025-04_to_2025-07
2025-04-29,0,8,0,4,1,00:00,2025-04_to_2025-07
2025-04-29,1,1,0,1,1,01:00,2025-04_to_2025-07
2025-04-29,3,3,1,0,1,03:00,2025-04_to_2025-07
2025-04-29,4,2,0,0,1,04:00,2025-04_to_2025-07
2025-04-29,5,1,0,0,1,05:00,2025-04_to_2025-07
2025-04-29,6,1,0,0,1,06:00,2025-04_to_2025-07
2025-04-29,7,5,0,1,2,07:00,2025-04_to_2025-07
2025-04-29,8,5,1,4,3,08:00,2025-04_to_2025-07
2025-04-29,11,5,0,3,3,11:00,2025-04_to_2025-07
2025-04-29,12,2,0,2,1,12:00,2025-04_to_2025-07
2025-04-29,13,16,0,9,5,13:00,2025-04_to_2025-07
2025-04-29,14,21,0,7,4,14:00,2025-04_to_2025-07
2025-04-29,15,5,0,2,2,15:00,2025-04_to_2025-07
2025-04-29,16,22,2,9,5,16:00,2025-04_to_2025-07
2025-04-29,17,1,0,0,1,17:00,2025-04_to_2025-07
2025-04-29,18,1,0,1,1,18:00,2025-04_to_2025-07
2025-04-29,19,7,2,2,1,19:00,2025-04_to_2025-07
2025-04-30,7,3,0,2,1,07:00,2025-04_to_2025-07
2025-04-30,8,5,0,0,2,08:00,2025-04_to_2025-07
2025-04-30,9,1,0,1,1,09:00,2025-04_to_2025-07
2025-04-30,11,11,2,6,3,11:00,2025-04_to_2025-07
2025-04-30,13,1,0,0,1,13:00,2025-04_to_2025-07
2025-04-30,14,3,0,2,1,14:00,2025-04_to_2025-07
2025-04-30,15,10,1,5,4,15:00,2025-04_to_2025-07
2025-04-30,16,2,0,1,2,16:00,2025-04_to_2025-07
2025-04-30,17,1,0,1,1,17:00,2025-04_to_2025-07
2025-04-30,18,15,2,7,2,18:00,2025-04_to_2025-07
2025-04-30,19,33,3,10,5,19:00,2025-04_to_2025-07
2025-04-30,20,7,2,3,2,20:00,2025-04_to_2025-07
2025-04-30,21,16,5,6,2,21:00,2025-04_to_2025-07
2025-04-30,22,1,0,1,1,22:00,2025-04_to_2025-07
2025-04-30,23,15,2,7,6,23:00,2025-04_to_2025-07
2025-05-01,0,5,1,2,1,00:00,2025-04_to_2025-07
2025-05-01,1,7,0,3,2,01:00,2025-04_to_2025-07
2025-05-01,2,9,1,4,1,02:00,2025-04_to_2025-07
2025-05-01,3,7,0,4,4,03:00,2025-04_to_2025-07
2025-05-01,4,1,0,1,1,04:00,2025-04_to_2025-07
2025-05-01,5,6,0,4,2,05:00,2025-04_to_2025-07
2025-05-01,7,11,2,7,3,07:00,2025-04_to_2025-07
2025-05-01,8,6,1,5,3,08:00,2025-04_to_2025-07
2025-05-01,9,1,0,0,1,09:00,2025-04_to_2025-07
2025-05-01,10,2,0,0,2,10:00,2025-04_to_2025-07
2025-05-01,11,14,3,5,2,11:00,2025-04_to_2025-07
2025-05-01,12,6,1,2,3,12:00,2025-04_to_2025-07
2025-05-01,13,5,0,4,1,13:00,2025-04_to_2025-07
2025-05-01,14,3,0,3,1,14:00,2025-04_to_2025-07
2025-05-01,15,5,0,0,3,15:00,2025-04_to_2025-07
2025-05-01,16,3,0,1,2,16:00,2025-04_to_2025-07
2025-05-01,19,7,2,3,2,19:00,2025-04_to_2025-07
2025-05-01,20,1,0,1,1,20:00,2025-04_to_2025-07
2025-05-01,22,3,1,0,1,22:00,2025-04_to_2025-07
2025-05-01,23,5,0,2,2,23:00,2025-04_to_2025-07
2025-05-02,0,20,3,6,5,00:00,2025-04_to_2025-07
2025-05-02,1,20,1,9,2,01:00,2025-04_to_2025-07
2025-05-02,4,15,1,7,5,04:00,2025-04_to_2025-07
2025-05-02,5,5,0,4,1,05:00,2025-04_to_2025-07
2025-05-02,6,1,0,1,1,06:00,2025-04_to_2025-07
2025-05-02,7,3,0,2,2,07:00,2025-04_to_2025-07
2025-05-02,8,19,1,10,6,08:00,2025-04_to_2025-07
2025-05-02,9,1,0,1,1,09:00,2025-04_to_2025-07
2025-05-02,11,6,0,2,2,11:00,2025-04_to_2025-07
2025-05-02,12,5,0,1,1,12:00,2025-04_to_2025-07
2025-05-02,16,9,0,2,4,16:00,2025-04_to_2025-07
2025-05-02,19,5,0,1,3,19:00,2025-04_to_2025-07
2025-05-02,20,1,0,0,1,20:00,2025-04_to_2025-07
2025-05-02,21,1,0,1,1,21:00,2025-04_to_2025-07
2025-05-02,22,15,3,4,1,22:00,2025-04_to_2025-07
2025-05-02,23,7,0,5,2,23:00,2025-04_to_2025-07
2025-05-03,3,5,2,4,2,03:00,2025-04_to_2025-07
2025-05-03,6,2,0,1,1,06:00,2025-04_to_2025-07
2025-05-03,8,5,1,2,3,08:00,2025-04_to_2025-07
2025-05-03,11,7,0,7,5,11:00,2025-04_to_2025-07
2025-05-03,12,23,1,13,3,12:00,2025-04_to_2025-07
2025-05-03,13,100,1,60,2,13:00,2025-04_to_2025-07
2025-05-03,14,53,0,34,1,14:00,2025-04_to_2025-07
2025-05-03,15,10,1,9,1,15:00,2025-04_to_2025-07
2025-05-03,16,25,3,11,5,16:00,2025-04_to_2025-07
2025-05-03,17,2,0,0,1,17:00,2025-04_to_2025-07
2025-05-03,19,1,0,1,1,19:00,2025-04_to_2025-07
2025-05-03,20,6,0,3,2,20:00,2025-04_to_2025-07
2025-05-03,23,3,0,3,1,23:00,2025-04_to_2025-07
2025-05-04,0,4,1,2,2,00:00,2025-04_to_2025-07
2025-05-04,3,2,0,0,1,03:00,2025-04_to_2025-07
2025-05-04,7,2,0,0,1,07:00,2025-04_to_2025-07
2025-05-04,11,3,1,0,2,11:00,2025-04_to_2025-07
2025-05-04,12,2,0,0,2,12:00,2025-04_to_2025-07
2025-05-04,15,2,0,0,1,15:00,2025-04_to_2025-07
2025-05-04,16,2,0,0,1,16:00,2025-04_to_2025-07
2025-05-04,19,1,0,0,1,19:00,2025-04_to_2025-07
2025-05-05,7,5,1,1,1,07:00,2025-04_to_2025-07
2025-05-05,8,1,0,0,1,08:00,2025-04_to_2025-07
2025-05-05,9,2,1,1,2,09:00,2025-04_to_2025-07
2025-05-05,12,41,5,21,2,12:00,2025-04_to_2025-07
2025-05-05,13,64,3,42,2,13:00,2025-04_to_2025-07
2025-05-05,14,56,9,27,2,14:00,2025-04_to_2025-07
2025-05-05,15,125,15,33,3,15:00,2025-04_to_2025-07
2025-05-05,16,86,2,20,2,16:00,2025-04_to_2025-07
2025-05-05,17,84,2,20,4,17:00,2025-04_to_2025-07
2025-05-05,18,27,1,8,2,18:00,2025-04_to_2025-07
2025-05-05,19,35,1,16,4,19:00,2025-04_to_2025-07
2025-05-05,20,13,2,4,2,20:00,2025-04_to_2025-07
2025-05-05,21,6,2,3,1,21:00,2025-04_to_2025-07
2025-05-05,22,2,0,1,1,22:00,2025-04_to_2025-07
2025-05-05,23,12,1,7,5,23:00,2025-04_to_2025-07
2025-05-06,4,1,0,0,1,04:00,2025-04_to_2025-07
2025-05-06,8,2,0,1,2,08:00,2025-04_to_2025-07
2025-05-06,11,3,1,2,2,11:00,2025-04_to_2025-07
2025-05-06,12,2,0,1,1,12:00,2025-04_to_2025-07
2025-05-06,15,1,0,0,1,15:00,2025-04_to_2025-07
2025-05-06,17,5,0,1,2,17:00,2025-04_to_2025-07
2025-05-06,18,2,0,2,1,18:00,2025-04_to_2025-07
2025-05-06,19,1,0,0,1,19:00,2025-04_to_2025-07
2025-05-06,20,1,0,1,1,20:00,2025-04_to_2025-07
2025-05-06,21,4,0,3,1,21:00,2025-04_to_2025-07
2025-05-07,3,1,0,1,1,03:00,2025-04_to_2025-07
2025-05-07,8,1,0,1,1,08:00,2025-04_to_2025-07
2025-05-07,9,5,0,0,2,09:00,2025-04_to_2025-07
2025-05-07,11,2,0,0,1,11:00,2025-04_to_2025-07
2025-05-07,12,8,0,1,1,12:00,2025-04_to_2025-07
2025-05-07,13,14,0,9,2,13:00,2025-04_to_2025-07
2025-05-07,14,26,1,13,3,14:00,2025-04_to_2025-07
2025-05-07,15,40,1,17,4,15:00,2025-04_to_2025-07
2025-05-07,16,16,0,8,4,16:00,2025-04_to_2025-07
2025-05-07,17,30,0,11,3,17:00,2025-04_to_2025-07
2025-05-07,18,7,1,1,2,18:00,2025-04_to_2025-07
2025-05-07,19,4,0,0,2,19:00,2025-04_to_2025-07
2025-05-07,21,11,3,2,1,21:00,2025-04_to_2025-07
2025-05-08,0,4,0,1,1,00:00,2025-04_to_2025-07
2025-05-08,4,1,0,1,1,04:00,2025-04_to_2025-07
2025-05-08,7,1,0,0,1,07:00,2025-04_to_2025-07
2025-05-08,8,2,0,1,1,08:00,2025-04_to_2025-07
2025-05-08,11,6,0,3,2,11:00,2025-04_to_2025-07
2025-05-08,12,4,0,0,1,12:00,2025-04_to_2025-07
2025-05-08,13,1,0,0,1,13:00,2025-04_to_2025-07
2025-05-08,14,1,0,0,1,14:00,2025-04_to_2025-07
2025-05-08,16,1,0,0,1,16:00,2025-04_to_2025-07
2025-05-08,19,1,0,1,1,19:00,2025-04_to_2025-07
2025-05-09,0,1,0,1,1,00:00,2025-04_to_2025-07
2025-05-09,7,5,0,3,1,07:00,2025-04_to_2025-07
2025-05-09,11,19,0,3,3,11:00,2025-04_to_2025-07
2025-05-09,12,38,1,8,3,12:00,2025-04_to_2025-07
2025-05-09,13,37,0,9,2,13:00,2025-04_to_2025-07
2025-05-09,14,18,0,13,2,14:00,2025-04_to_2025-07
2025-05-09,15,15,2,7,1,15:00,2025-04_to_2025-07
2025-05-09,16,7,3,1,3,16:00,2025-04_to_2025-07
2025-05-09,17,1,0,0,1,17:00,2025-04_to_2025-07
2025-05-09,20,2,0,0,1,20:00,2025-04_to_2025-07
2025-05-09,21,2,0,1,1,21:00,2025-04_to_2025-07
2025-05-10,1,3,1,3,1,01:00,2025-04_to_2025-07
2025-05-10,6,6,0,2,1,06:00,2025-04_to_2025-07
2025-05-10,7,6,0,6,2,07:00,2025-04_to_2025-07
2025-05-10,9,10,0,9,1,09:00,2025-04_to_2025-07
2025-05-10,10,1,0,1,1,10:00,2025-04_to_2025-07
2025-05-10,11,1,0,1,1,11:00,2025-04_to_2025-07
2025-05-10,14,19,1,9,1,14:00,2025-04_to_2025-07
2025-05-10,15,1,0,0,1,15:00,2025-04_to_2025-07
2025-05-10,16,3,1,2,2,16:00,2025-04_to_2025-07
2025-05-10,20,10,0,2,1,20:00,2025-04_to_2025-07
2025-05-11,4,1,0,1,1,04:00,2025-04_to_2025-07
2025-05-11,7,2,1,0,1,07:00,2025-04_to_2025-07
2025-05-11,11,11,2,3,2,11:00,2025-04_to_2025-07
2025-05-11,12,48,11,17,2,12:00,2025-04_to_2025-07
2025-05-11,13,57,0,30,1,13:00,2025-04_to_2025-07
2025-05-11,14,40,2,16,1,14:00,2025-04_to_2025-07
2025-05-11,15,58,5,20,1,15:00,2025-04_to_2025-07
2025-05-11,16,59,10,17,2,16:00,2025-04_to_2025-07
2025-05-11,17,45,3,14,3,17:00,2025-04_to_2025-07
2025-05-11,18,42,3,16,1,18:00,2025-04_to_2025-07
2025-05-11,19,59,4,20,2,19:00,2025-04_to_2025-07
2025-05-11,20,13,0,4,1,20:00,2025-04_to_2025-07
2025-05-11,21,54,1,20,2,21:00,2025-04_to_2025-07
2025-05-11,22,39,2,12,1,22:00,2025-04_to_2025-07
2025-05-11,23,71,4,21,1,23:00,2025-04_to_2025-07
2025-05-12,0,19,0,9,2,00:00,2025-04_to_2025-07
2025-05-12,1,34,2,10,1,01:00,2025-04_to_2025-07
2025-05-12,2,25,2,9,1,02:00,2025-04_to_2025-07
2025-05-12,3,16,0,9,1,03:00,2025-04_to_2025-07
2025-05-12,4,39,3,14,1,04:00,2025-04_to_2025-07
2025-05-12,6,8,0,2,1,06:00,2025-04_to_2025-07
2025-05-12,7,25,0,12,2,07:00,2025-04_to_2025-07
2025-05-12,8,44,0,16,2,08:00,2025-04_to_2025-07
2025-05-12,9,41,0,22,2,09:00,2025-04_to_2025-07
2025-05-12,10,41,1,12,1,10:00,2025-04_to_2025-07
2025-05-12,11,45,4,25,8,11:00,2025-04_to_2025-07
2025-05-12,12,38,0,17,2,12:00,2025-04_to_2025-07
2025-05-12,13,51,2,13,3,13:00,2025-04_to_2025-07
2025-05-12,14,55,7,19,3,14:00,2025-04_to_2025-07
2025-05-12,15,60,8,28,8,15:00,2025-04_to_2025-07
2025-05-12,16,100,17,31,5,16:00,2025-04_to_2025-07
2025-05-12,17,100,19,26,4,17:00,2025-04_to_2025-07
2025-05-12,18,34,0,13,3,18:00,2025-04_to_2025-07
2025-05-12,19,51,3,23,2,19:00,2025-04_to_2025-07
2025-05-12,20,33,0,16,5,20:00,2025-04_to_2025-07
2025-05-12,21,88,6,26,4,21:00,2025-04_to_2025-07
2025-05-12,22,46,3,13,2,22:00,2025-04_to_2025-07
2025-05-12,23,78,5,35,8,23:00,2025-04_to_2025-07
2025-05-13,0,54,5,24,3,00:00,2025-04_to_2025-07
2025-05-13,1,79,5,38,4,01:00,2025-04_to_2025-07
2025-05-13,2,73,6,23,2,02:00,2025-04_to_2025-07
2025-05-13,3,87,15,23,5,03:00,2025-04_to_2025-07
2025-05-13,4,103,34,34,2,04:00,2025-04_to_2025-07
2025-05-13,5,81,25,24,2,05:00,2025-04_to_2025-07
2025-05-13,6,57,15,14,2,06:00,2025-04_to_2025-07
2025-05-13,7,36,0,10,1,07:00,2025-04_to_2025-07
2025-05-13,8,30,0,6,4,08:00,2025-04_to_2025-07
2025-05-13,9,33,0,4,2,09:00,2025-04_to_2025-07
2025-05-13,10,58,3,19,2,10:00,2025-04_to_2025-07
2025-05-13,11,60,5,28,7,11:00,2025-04_to_2025-07
2025-05-13,12,47,0,13,3,12:00,2025-04_to_2025-07
2025-05-13,13,43,0,8,2,13:00,2025-04_to_2025-07
2025-05-13,14,42,1,14,3,14:00,2025-04_to_2025-07
2025-05-13,15,113,16,25,7,15:00,2025-04_to_2025-07
2025-05-13,16,66,18,12,2,16:00,2025-04_to_2025-07
2025-05-13,17,44,0,21,3,17:00,2025-04_to_2025-07
2025-05-13,18,35,0,14,1,18:00,2025-04_to_2025-07
2025-05-13,19,59,3,24,7,19:00,2025-04_to_2025-07
2025-05-13,20,64,2,24,5,20:00,2025-04_to_2025-07
2025-05-13,21,62,2,24,5,21:00,2025-04_to_2025-07
2025-05-13,22,45,0,22,4,22:00,2025-04_to_2025-07
2025-05-13,23,35,0,15,2,23:00,2025-04_to_2025-07
2025-05-14,0,31,0,15,1,00:00,2025-04_to_2025-07
2025-05-14,1,44,0,20,2,01:00,2025-04_to_2025-07
2025-05-14,2,38,0,9,2,02:00,2025-04_to_2025-07
2025-05-14,3,23,0,8,6,03:00,2025-04_to_2025-07
2025-05-14,4,23,0,2,1,04:00,2025-04_to_2025-07
2025-05-14,5,39,2,13,2,05:00,2025-04_to_2025-07
2025-05-14,6,39,0,7,1,06:00,2025-04_to_2025-07
2025-05-14,7,38,0,13,2,07:00,2025-04_to_2025-07
2025-05-14,8,71,7,17,4,08:00,2025-04_to_2025-07
2025-05-14,9,57,3,22,3,09:00,2025-04_to_2025-07
2025-05-14,10,56,0,19,2,10:00,2025-04_to_2025-07
2025-05-14,11,12,1,5,4,11:00,2025-04_to_2025-07
2025-05-14,12,7,0,4,2,12:00,2025-04_to_2025-07
2025-05-14,13,11,2,6,3,13:00,2025-04_to_2025-07
2025-05-14,14,8,1,1,1,14:00,2025-04_to_2025-07
2025-05-14,15,3,0,1,1,15:00,2025-04_to_2025-07
2025-05-14,16,19,3,7,5,16:00,2025-04_to_2025-07
2025-05-14,17,8,1,2,3,17:00,2025-04_to_2025-07
2025-05-14,18,2,0,0,1,18:00,2025-04_to_2025-07
2025-05-14,19,32,6,11,8,19:00,2025-04_to_2025-07
2025-05-14,20,1,0,1,1,20:00,2025-04_to_2025-07
2025-05-14,21,1,0,1,1,21:00,2025-04_to_2025-07
2025-05-14,22,10,1,4,2,22:00,2025-04_to_2025-07
2025-05-14,23,6,1,4,5,23:00,2025-04_to_2025-07
2025-05-15,0,2,0,1,2,00:00,2025-04_to_2025-07
2025-05-15,1,22,1,7,2,01:00,2025-04_to_2025-07
2025-05-15,2,11,0,6,2,02:00,2025-04_to_2025-07
2025-05-15,3,7,1,5,2,03:00,2025-04_to_2025-07
2025-05-15,4,5,0,3,3,04:00,2025-04_to_2025-07
2025-05-15,7,8,0,4,4,07:00,2025-04_to_2025-07
2025-05-15,8,7,2,5,5,08:00,2025-04_to_2025-07
2025-05-15,9,5,0,2,2,09:00,2025-04_to_2025-07
2025-05-15,11,2,0,0,2,11:00,2025-04_to_2025-07
2025-05-15,12,5,1,1,3,12:00,2025-04_to_2025-07
2025-05-15,13,5,0,1,1,13:00,2025-04_to_2025-07
2025-05-15,14,5,0,1,2,14:00,2025-04_to_2025-07
2025-05-15,15,20,0,9,5,15:00,2025-04_to_2025-07
2025-05-15,16,39,3,17,11,16:00,2025-04_to_2025-07
2025-05-15,17,40,12,8,1,17:00,2025-04_to_2025-07
2025-05-15,18,6,0,0,3,18:00,2025-04_to_2025-07
2025-05-15,19,37,5,11,5,19:00,2025-04_to_2025-07
2025-05-15,20,59,1,31,5,20:00,2025-04_to_2025-07
2025-05-15,21,66,2,26,1,21:00,2025-04_to_2025-07
2025-05-15,22,43,3,19,1,22:00,2025-04_to_2025-07
2025-05-15,23,95,1,44,3,23:00,2025-04_to_2025-07
2025-05-16,0,107,2,35,4,00:00,2025-04_to_2025-07
2025-05-16,1,71,3,31,2,01:00,2025-04_to_2025-07
2025-05-16,2,49,1,26,3,02:00,2025-04_to_2025-07
2025-05-16,3,44,0,31,6,03:00,2025-04_to_2025-07
2025-05-16,4,22,0,12,1,04:00,2025-04_to_2025-07
2025-05-16,5,25,0,14,1,05:00,2025-04_to_2025-07
2025-05-16,6,18,0,15,2,06:00,2025-04_to_2025-07
2025-05-16,7,40,0,27,1,07:00,2025-04_to_2025-07
2025-05-16,8,9,0,5,2,08:00,2025-04_to_2025-07
2025-05-16,9,9,0,7,2,09:00,2025-04_to_2025-07
2025-05-16,10,11,1,5,2,10:00,2025-04_to_2025-07
2025-05-16,11,26,3,6,7,11:00,2025-04_to_2025-07
2025-05-16,12,44,4,20,4,12:00,2025-04_to_2025-07
2025-05-16,13,14,1,10,2,13:00,2025-04_to_2025-07
2025-05-16,14,25,0,13,3,14:00,2025-04_to_2025-07
2025-05-16,15,5,0,3,3,15:00,2025-04_to_2025-07
2025-05-16,16,2,0,2,1,16:00,2025-04_to_2025-07
2025-05-16,17,6,0,2,1,17:00,2025-04_to_2025-07
2025-05-16,18,10,0,4,2,18:00,2025-04_to_2025-07
2025-05-16,19,18,1,9,2,19:00,2025-04_to_2025-07
2025-05-16,20,17,5,8,4,20:00,2025-04_to_2025-07
2025-05-16,21,5,0,2,3,21:00,2025-04_to_2025-07
2025-05-16,22,9,1,1,2,22:00,2025-04_to_2025-07
2025-05-16,23,4,0,3,3,23:00,2025-04_to_2025-07
2025-05-17,0,15,4,5,3,00:00,2025-04_to_2025-07
2025-05-17,1,5,0,2,1,01:00,2025-04_to_2025-07
2025-05-17,2,9,1,5,1,02:00,2025-04_to_2025-07
2025-05-17,4,22,2,17,5,04:00,2025-04_to_2025-07
2025-05-17,5,1,0,1,1,05:00,2025-04_to_2025-07
2025-05-17,8,3,1,2,2,08:00,2025-04_to_2025-07
2025-05-17,9,11,3,7,3,09:00,2025-04_to_2025-07
2025-05-17,10,19,4,8,4,10:00,2025-04_to_2025-07
2025-05-17,11,20,6,1,4,11:00,2025-04_to_2025-07
2025-05-17,12,17,4,0,4,12:00,2025-04_to_2025-07
2025-05-17,13,13,2,7,1,13:00,2025-04_to_2025-07
2025-05-17,14,4,0,2,1,14:00,2025-04_to_2025-07
2025-05-17,16,3,0,1,3,16:00,2025-04_to_2025-07
2025-05-17,17,3,0,1,1,17:00,2025-04_to_2025-07
2025-05-17,18,2,0,0,2,18:00,2025-04_to_2025-07
2025-05-17,19,11,0,5,3,19:00,2025-04_to_2025-07
2025-05-17,20,18,1,7,5,20:00,2025-04_to_2025-07
2025-05-17,21,9,0,1,3,21:00,2025-04_to_2025-07
2025-05-17,22,3,0,1,2,22:00,2025-04_to_2025-07
2025-05-17,23,8,0,4,4,23:00,2025-04_to_2025-07
2025-05-18,0,5,0,0,3,00:00,2025-04_to_2025-07
2025-05-18,1,19,0,11,1,01:00,2025-04_to_2025-07
2025-05-18,2,71,0,27,1,02:00,2025-04_to_2025-07
2025-05-18,3,82,0,22,2,03:00,2025-04_to_2025-07
2025-05-18,4,73,3,25,7,04:00,2025-04_to_2025-07
2025-05-18,5,39,5,3,2,05:00,2025-04_to_2025-07
2025-05-18,6,18,2,3,2,06:00,2025-04_to_2025-07
2025-05-18,7,47,1,20,2,07:00,2025-04_to_2025-07
2025-05-18,8,27,10,8,5,08:00,2025-04_to_2025-07
2025-05-18,9,8,1,2,2,09:00,2025-04_to_2025-07
2025-05-18,12,4,0,2,2,12:00,2025-04_to_2025-07
2025-05-18,13,7,1,4,2,13:00,2025-04_to_2025-07
2025-05-18,14,4,1,1,2,14:00,2025-04_to_2025-07
2025-05-18,15,6,1,3,3,15:00,2025-04_to_2025-07
2025-05-18,16,9,2,2,4,16:00,2025-04_to_2025-07
2025-05-18,17,8,1,6,3,17:00,2025-04_to_2025-07
2025-05-18,18,1,0,1,1,18:00,2025-04_to_2025-07
2025-05-18,19,5,0,3,2,19:00,2025-04_to_2025-07
2025-05-18,21,4,1,1,3,21:00,2025-04_to_2025-07
2025-05-18,23,6,0,3,1,23:00,2025-04_to_2025-07
2025-05-19,0,20,0,7,1,00:00,2025-04_to_2025-07
2025-05-19,1,1,0,1,1,01:00,2025-04_to_2025-07
2025-05-19,2,5,0,2,1,02:00,2025-04_to_2025-07
2025-05-19,3,9,0,7,3,03:00,2025-04_to_2025-07
2025-05-19,4,24,0,17,2,04:00,2025-04_to_2025-07
2025-05-19,5,51,1,34,3,05:00,2025-04_to_2025-07
2025-05-19,6,58,0,25,3,06:00,2025-04_to_2025-07
2025-05-19,7,59,1,35,3,07:00,2025-04_to_2025-07
2025-05-19,8,3,0,1,2,08:00,2025-04_to_2025-07
2025-05-19,9,6,1,1,3,09:00,2025-04_to_2025-07
2025-05-19,11,11,2,4,2,11:00,2025-04_to_2025-07
2025-05-19,12,55,2,34,6,12:00,2025-04_to_2025-07
2025-05-19,13,19,3,7,4,13:00,2025-04_to_2025-07
2025-05-19,14,17,0,6,2,14:00,2025-04_to_2025-07
2025-05-19,15,26,5,4,3,15:00,2025-04_to_2025-07
2025-05-19,16,44,12,14,8,16:00,2025-04_to_2025-07
2025-05-19,17,10,1,4,4,17:00,2025-04_to_2025-07
2025-05-19,18,7,1,2,3,18:00,2025-04_to_2025-07
2025-05-19,19,4,0,0,3,19:00,2025-04_to_2025-07
2025-05-19,20,23,3,6,5,20:00,2025-04_to_2025-07
2025-05-19,21,10,2,1,2,21:00,2025-04_to_2025-07
2025-05-19,22,2,0,1,1,22:00,2025-04_to_2025-07
2025-05-19,23,9,0,5,2,23:00,2025-04_to_2025-07
2025-05-20,0,14,1,5,4,00:00,2025-04_to_2025-07
2025-05-20,1,4,1,1,1,01:00,2025-04_to_2025-07
2025-05-20,2,8,1,3,2,02:00,2025-04_to_2025-07
2025-05-20,3,5,0,2,2,03:00,2025-04_to_2025-07
2025-05-20,4,4,0,2,2,04:00,2025-04_to_2025-07
2025-05-20,5,29,5,17,2,05:00,2025-04_to_2025-07
2025-05-20,6,39,0,17,1,06:00,2025-04_to_2025-07
2025-05-20,7,75,1,52,2,07:00,2025-04_to_2025-07
2025-05-20,8,44,2,33,2,08:00,2025-04_to_2025-07
2025-05-20,9,18,0,16,1,09:00,2025-04_to_2025-07
2025-05-20,10,11,0,8,1,10:00,2025-04_to_2025-07
2025-05-20,11,9,0,3,4,11:00,2025-04_to_2025-07
2025-05-20,12,41,1,12,6,12:00,2025-04_to_2025-07
2025-05-20,13,38,1,13,3,13:00,2025-04_to_2025-07
2025-05-20,14,44,0,21,4,14:00,2025-04_to_2025-07
2025-05-20,15,25,4,9,5,15:00,2025-04_to_2025-07
2025-05-20,16,9,1,4,4,16:00,2025-04_to_2025-07
2025-05-20,17,13,0,6,2,17:00,2025-04_to_2025-07
2025-05-20,18,8,0,2,2,18:00,2025-04_to_2025-07
2025-05-20,19,18,2,10,3,19:00,2025-04_to_2025-07
2025-05-20,20,6,0,3,2,20:00,2025-04_to_2025-07
2025-05-20,21,4,0,2,2,21:00,2025-04_to_2025-07
2025-05-20,22,4,0,0,2,22:00,2025-04_to_2025-07
2025-05-20,23,8,1,6,3,23:00,2025-04_to_2025-07
2025-05-21,0,3,0,2,1,00:00,2025-04_to_2025-07
2025-05-21,1,3,0,1,2,01:00,2025-04_to_2025-07
2025-05-21,3,2,0,2,2,03:00,2025-04_to_2025-07
2025-05-21,4,4,0,2,2,04:00,2025-04_to_2025-07
2025-05-21,5,15,0,14,1,05:00,2025-04_to_2025-07
2025-05-21,7,4,0,3,1,07:00,2025-04_to_2025-07
2025-05-21,8,8,0,4,2,08:00,2025-04_to_2025-07
2025-05-21,9,45,0,32,2,09:00,2025-04_to_2025-07
2025-05-21,10,63,11,35,3,10:00,2025-04_to_2025-07
2025-05-21,11,53,7,26,6,11:00,2025-04_to_2025-07
2025-05-21,12,32,4,11,5,12:00,2025-04_to_2025-07
2025-05-21,13,27,4,12,5,13:00,2025-04_to_2025-07
2025-05-21,14,8,0,2,3,14:00,2025-04_to_2025-07
2025-05-21,15,31,8,16,3,15:00,2025-04_to_2025-07
2025-05-21,16,55,7,11,7,16:00,2025-04_to_2025-07
2025-05-21,17,58,9,21,3,17:00,2025-04_to_2025-07
2025-05-21,18,87,17,41,4,18:00,2025-04_to_2025-07
2025-05-21,19,42,2,24,5,19:00,2025-04_to_2025-07
2025-05-21,20,59,5,24,3,20:00,2025-04_to_2025-07
2025-05-21,21,19,5,7,3,21:00,2025-04_to_2025-07
2025-05-21,22,7,0,1,2,22:00,2025-04_to_2025-07
2025-05-21,23,5,0,4,2,23:00,2025-04_to_2025-07
2025-05-22,0,89,0,37,1,00:00,2025-04_to_2025-07
2025-05-22,1,53,0,32,1,01:00,2025-04_to_2025-07
2025-05-22,2,88,2,59,1,02:00,2025-04_to_2025-07
2025-05-22,3,25,0,18,2,03:00,2025-04_to_2025-07
2025-05-22,4,72,0,43,2,04:00,2025-04_to_2025-07
2025-05-22,5,86,1,54,1,05:00,2025-04_to_2025-07
2025-05-22,6,63,0,39,1,06:00,2025-04_to_2025-07
2025-05-22,7,24,0,18,1,07:00,2025-04_to_2025-07
2025-05-22,8,39,1,22,2,08:00,2025-04_to_2025-07
2025-05-22,9,153,0,92,1,09:00,2025-04_to_2025-07
2025-05-22,10,97,2,65,1,10:00,2025-04_to_2025-07
2025-05-22,11,66,12,35,2,11:00,2025-04_to_2025-07
2025-05-22,12,67,1,29,4,12:00,2025-04_to_2025-07
2025-05-22,13,3,0,1,2,13:00,2025-04_to_2025-07
2025-05-22,14,1,0,0,1,14:00,2025-04_to_2025-07
2025-05-22,15,3,1,3,1,15:00,2025-04_to_2025-07
2025-05-22,16,6,1,3,5,16:00,2025-04_to_2025-07
2025-05-22,17,1,0,0,1,17:00,2025-04_to_2025-07
2025-05-22,18,15,3,7,1,18:00,2025-04_to_2025-07
2025-05-22,19,9,3,1,2,19:00,2025-04_to_2025-07
2025-05-22,22,1,0,1,1,22:00,2025-04_to_2025-07
2025-05-23,0,5,0,3,2,00:00,2025-04_to_2025-07
2025-05-23,1,18,4,7,2,01:00,2025-04_to_2025-07
2025-05-23,3,1,0,0,1,03:00,2025-04_to_2025-07
2025-05-23,5,1,0,0,1,05:00,2025-04_to_2025-07
2025-05-23,7,8,2,1,2,07:00,2025-04_to_2025-07
2025-05-23,8,33,3,15,2,08:00,2025-04_to_2025-07
2025-05-23,9,1,0,1,1,09:00,2025-04_to_2025-07
2025-05-23,10,32,2,13,1,10:00,2025-04_to_2025-07
2025-05-23,11,9,1,4,3,11:00,2025-04_to_2025-07
2025-05-23,12,49,0,24,1,12:00,2025-04_to_2025-07
2025-05-23,13,62,0,18,2,13:00,2025-04_to_2025-07
2025-05-23,14,55,1,20,4,14:00,2025-04_to_2025-07
2025-05-23,15,55,0,30,4,15:00,2025-04_to_2025-07
2025-05-23,16,4,0,3,3,16:00,2025-04_to_2025-07
2025-05-23,17,5,0,0,1,17:00,2025-04_to_2025-07
2025-05-23,18,9,0,4,2,18:00,2025-04_to_2025-07
2025-05-23,19,15,0,10,3,19:00,2025-04_to_2025-07
2025-05-23,20,15,2,7,4,20:00,2025-04_to_2025-07
2025-05-23,21,3,0,2,2,21:00,2025-04_to_2025-07
2025-05-23,22,12,2,4,2,22:00,2025-04_to_2025-07
2025-05-23,23,1,0,0,1,23:00,2025-04_to_2025-07
2025-05-24,2,1,0,1,1,02:00,2025-04_to_2025-07
2025-05-24,3,2,0,1,2,03:00,2025-04_to_2025-07
2025-05-24,7,4,0,3,2,07:00,2025-04_to_2025-07
2025-05-24,8,36,1,23,2,08:00,2025-04_to_2025-07
2025-05-24,9,23,1,14,1,09:00,2025-04_to_2025-07
2025-05-24,10,4,0,1,1,10:00,2025-04_to_2025-07
2025-05-24,11,6,0,4,3,11:00,2025-04_to_2025-07
2025-05-24,12,4,1,1,2,12:00,2025-04_to_2025-07
2025-05-24,19,1,0,1,1,19:00,2025-04_to_2025-07
2025-05-24,20,4,0,4,2,20:00,2025-04_to_2025-07
2025-05-24,21,1,0,1,1,21:00,2025-04_to_2025-07
2025-05-24,22,12,1,9,2,22:00,2025-04_to_2025-07
2025-05-24,23,10,1,8,1,23:00,2025-04_to_2025-07
2025-05-25,0,22,2,15,1,00:00,2025-04_to_2025-07
2025-05-25,1,6,2,2,1,01:00,2025-04_to_2025-07
2025-05-25,2,3,0,1,1,02:00,2025-04_to_2025-07
2025-05-25,3,11,0,8,2,03:00,2025-04_to_2025-07
2025-05-25,4,5,0,3,2,04:00,2025-04_to_2025-07
2025-05-25,5,36,0,28,2,05:00,2025-04_to_2025-07
2025-05-25,6,3,0,1,2,06:00,2025-04_to_2025-07
2025-05-25,8,4,0,2,2,08:00,2025-04_to_2025-07
2025-05-25,11,2,1,2,1,11:00,2025-04_to_2025-07
2025-05-25,12,2,0,1,1,12:00,2025-04_to_2025-07
2025-05-25,16,1,0,0,1,16:00,2025-04_to_2025-07
2025-05-25,18,1,0,0,1,18:00,2025-04_to_2025-07
2025-05-25,20,1,0,0,1,20:00,2025-04_to_2025-07
2025-05-25,21,1,0,1,1,21:00,2025-04_to_2025-07
2025-05-25,22,3,0,2,2,22:00,2025-04_to_2025-07
2025-05-26,0,3,0,1,1,00:00,2025-04_to_2025-07
2025-05-26,3,4,1,0,1,03:00,2025-04_to_2025-07
2025-05-26,4,7,1,2,3,04:00,2025-04_to_2025-07
2025-05-26,7,1,0,1,1,07:00,2025-04_to_2025-07
2025-05-26,8,2,0,2,2,08:00,2025-04_to_2025-07
2025-05-26,10,11,4,1,2,10:00,2025-04_to_2025-07
2025-05-26,12,8,0,8,4,12:00,2025-04_to_2025-07
2025-05-26,15,1,0,1,1,15:00,2025-04_to_2025-07
2025-05-26,16,1,0,0,1,16:00,2025-04_to_2025-07
2025-05-26,17,2,0,2,1,17:00,2025-04_to_2025-07
2025-05-26,19,8,0,3,2,19:00,2025-04_to_2025-07
2025-05-26,20,19,0,13,1,20:00,2025-04_to_2025-07
2025-05-26,21,6,0,4,1,21:00,2025-04_to_2025-07
2025-05-26,22,60,1,23,3,22:00,2025-04_to_2025-07
2025-05-26,23,80,2,36,5,23:00,2025-04_to_2025-07
2025-05-27,0,57,0,23,1,00:00,2025-04_to_2025-07
2025-05-27,1,67,0,45,1,01:00,2025-04_to_2025-07
2025-05-27,2,56,0,25,1,02:00,2025-04_to_2025-07
2025-05-27,3,34,1,17,4,03:00,2025-04_to_2025-07
2025-05-27,7,1,0,0,1,07:00,2025-04_to_2025-07
2025-05-27,8,2,0,2,1,08:00,2025-04_to_2025-07
2025-05-27,9,3,0,1,2,09:00,2025-04_to_2025-07
2025-05-27,10,4,1,1,3,10:00,2025-04_to_2025-07
2025-05-27,11,9,4,1,3,11:00,2025-04_to_2025-07
2025-05-27,12,19,7,2,3,12:00,2025-04_to_2025-07
2025-05-27,13,4,0,0,3,13:00,2025-04_to_2025-07
2025-05-27,14,2,0,1,2,14:00,2025-04_to_2025-07
2025-05-27,15,6,2,2,2,15:00,2025-04_to_2025-07
2025-05-27,16,6,0,2,3,16:00,2025-04_to_2025-07
2025-05-27,17,2,1,0,1,17:00,2025-04_to_2025-07
2025-05-27,18,8,0,3,3,18:00,2025-04_to_2025-07
2025-05-27,19,7,1,3,2,19:00,2025-04_to_2025-07
2025-05-27,20,10,1,3,3,20:00,2025-04_to_2025-07
2025-05-27,22,5,0,1,1,22:00,2025-04_to_2025-07
2025-05-28,4,2,0,0,2,04:00,2025-04_to_2025-07
2025-05-28,5,1,0,1,1,05:00,2025-04_to_2025-07
2025-05-28,7,3,1,2,2,07:00,2025-04_to_2025-07
2025-05-28,8,7,0,5,3,08:00,2025-04_to_2025-07
2025-05-28,9,18,3,10,1,09:00,2025-04_to_2025-07
2025-05-28,10,21,2,12,1,10:00,2025-04_to_2025-07
2025-05-28,11,29,4,10,3,11:00,2025-04_to_2025-07
2025-05-28,12,56,1,29,3,12:00,2025-04_to_2025-07
2025-05-28,13,1,0,0,1,13:00,2025-04_to_2025-07
2025-05-28,14,9,3,1,1,14:00,2025-04_to_2025-07
2025-05-28,15,4,0,2,2,15:00,2025-04_to_2025-07
2025-05-28,16,4,0,1,3,16:00,2025-04_to_2025-07
2025-05-28,17,2,0,1,2,17:00,2025-04_to_2025-07
2025-05-28,18,3,1,1,1,18:00,2025-04_to_2025-07
2025-05-28,19,3,1,1,2,19:00,2025-04_to_2025-07
2025-05-28,20,5,1,4,2,20:00,2025-04_to_2025-07
2025-05-29,0,11,5,6,3,00:00,2025-04_to_2025-07
2025-05-29,3,8,2,6,2,03:00,2025-04_to_2025-07
2025-05-29,4,2,0,2,1,04:00,2025-04_to_2025-07
2025-05-29,7,4,0,2,1,07:00,2025-04_to_2025-07
2025-05-29,8,29,1,9,3,08:00,2025-04_to_2025-07
2025-05-29,9,21,0,15,1,09:00,2025-04_to_2025-07
2025-05-29,10,19,0,12,2,10:00,2025-04_to_2025-07
2025-05-29,11,28,0,17,2,11:00,2025-04_to_2025-07
2025-05-29,12,104,0,38,4,12:00,2025-04_to_2025-07
2025-05-29,13,36,2,12,3,13:00,2025-04_to_2025-07
2025-05-29,14,5,3,2,3,14:00,2025-04_to_2025-07
2025-05-29,15,34,1,19,4,15:00,2025-04_to_2025-07
2025-05-29,16,37,1,18,3,16:00,2025-04_to_2025-07
2025-05-29,17,68,9,28,1,17:00,2025-04_to_2025-07
2025-05-29,19,3,1,0,1,19:00,2025-04_to_2025-07
2025-05-29,20,4,1,3,3,20:00,2025-04_to_2025-07
2025-05-29,21,6,1,5,2,21:00,2025-04_to_2025-07
2025-05-29,22,1,0,0,1,22:00,2025-04_to_2025-07
2025-05-30,0,30,4,11,3,00:00,2025-04_to_2025-07
2025-05-30,1,4,0,2,1,01:00,2025-04_to_2025-07
2025-05-30,3,1,0,0,1,03:00,2025-04_to_2025-07
2025-05-30,4,4,1,2,3,04:00,2025-04_to_2025-07
2025-05-30,7,3,0,1,2,07:00,2025-04_to_2025-07
2025-05-30,8,5,2,1,2,08:00,2025-04_to_2025-07
2025-05-30,9,4,0,2,4,09:00,2025-04_to_2025-07
2025-05-30,10,2,0,2,1,10:00,2025-04_to_2025-07
2025-05-30,11,13,3,6,6,11:00,2025-04_to_2025-07
2025-05-30,12,8,2,1,3,12:00,2025-04_to_2025-07
2025-05-30,13,18,4,6,1,13:00,2025-04_to_2025-07
2025-05-30,14,13,7,2,2,14:00,2025-04_to_2025-07
2025-05-30,15,1,0,0,1,15:00,2025-04_to_2025-07
2025-05-30,16,3,0,2,2,16:00,2025-04_to_2025-07
2025-05-30,20,7,2,2,3,20:00,2025-04_to_2025-07
2025-05-30,21,7,3,4,3,21:00,2025-04_to_2025-07
2025-05-30,22,2,0,1,1,22:00,2025-04_to_2025-07
2025-05-30,23,48,0,27,2,23:00,2025-04_to_2025-07
2025-05-31,0,68,1,30,5,00:00,2025-04_to_2025-07
2025-05-31,1,49,0,13,1,01:00,2025-04_to_2025-07
2025-05-31,2,11,0,1,1,02:00,2025-04_to_2025-07
2025-05-31,3,3,0,2,2,03:00,2025-04_to_2025-07
2025-05-31,4,2,0,2,2,04:00,2025-04_to_2025-07
2025-05-31,5,3,0,3,1,05:00,2025-04_to_2025-07
2025-05-31,6,8,0,8,1,06:00,2025-04_to_2025-07
2025-05-31,8,12,1,8,2,08:00,2025-04_to_2025-07
2025-05-31,9,17,6,7,3,09:00,2025-04_to_2025-07
2025-05-31,11,8,1,3,5,11:00,2025-04_to_2025-07
2025-05-31,16,4,0,3,3,16:00,2025-04_to_2025-07
2025-05-31,19,1,0,1,1,19:00,2025-04_to_2025-07
2025-05-31,20,6,2,2,3,20:00,2025-04_to_2025-07
2025-05-31,21,9,4,2,2,21:00,2025-04_to_2025-07
2025-05-31,22,5,1,0,1,22:00,2025-04_to_2025-07
2025-05-31,23,7,0,6,2,23:00,2025-04_to_2025-07
2025-06-01,0,8,0,5,1,00:00,2025-04_to_2025-07
2025-06-01,1,5,0,2,1,01:00,2025-04_to_2025-07
2025-06-01,3,1,1,1,1,03:00,2025-04_to_2025-07
2025-06-01,4,9,2,5,2,04:00,2025-04_to_2025-07
2025-06-01,6,1,0,1,1,06:00,2025-04_to_2025-07
2025-06-01,8,36,0,12,1,08:00,2025-04_to_2025-07
2025-06-01,9,24,0,12,1,09:00,2025-04_to_2025-07
2025-06-01,10,13,0,10,2,10:00,2025-04_to_2025-07
2025-06-01,11,9,3,5,3,11:00,2025-04_to_2025-07
2025-06-01,13,2,1,1,1,13:00,2025-04_to_2025-07
2025-06-01,16,3,0,2,2,16:00,2025-04_to_2025-07
2025-06-01,19,3,1,0,3,19:00,2025-04_to_2025-07
2025-06-01,20,1,0,1,1,20:00,2025-04_to_2025-07
2025-06-02,3,2,0,2,2,03:00,2025-04_to_2025-07
2025-06-02,7,6,1,3,1,07:00,2025-04_to_2025-07
2025-06-02,8,33,2,15,5,08:00,2025-04_to_2025-07
2025-06-02,9,73,0,44,4,09:00,2025-04_to_2025-07
2025-06-02,11,5,0,3,3,11:00,2025-04_to_2025-07
2025-06-02,12,35,6,11,5,12:00,2025-04_to_2025-07
2025-06-02,13,1,0,0,1,13:00,2025-04_to_2025-07
2025-06-02,14,51,16,5,2,14:00,2025-04_to_2025-07
2025-06-02,15,42,14,4,2,15:00,2025-04_to_2025-07
2025-06-02,16,9,1,5,4,16:00,2025-04_to_2025-07
2025-06-02,17,12,0,7,1,17:00,2025-04_to_2025-07
2025-06-02,18,24,3,8,4,18:00,2025-04_to_2025-07
2025-06-02,19,49,9,28,5,19:00,2025-04_to_2025-07
2025-06-02,20,22,4,7,7,20:00,2025-04_to_2025-07
2025-06-02,21,1,1,0,1,21:00,2025-04_to_2025-07
2025-06-02,23,3,1,0,2,23:00,2025-04_to_2025-07
2025-06-03,0,5,0,4,3,00:00,2025-04_to_2025-07
2025-06-03,4,11,1,5,4,04:00,2025-04_to_2025-07
2025-06-03,7,7,1,2,2,07:00,2025-04_to_2025-07
2025-06-03,8,7,2,3,4,08:00,2025-04_to_2025-07
2025-06-03,9,2,0,2,1,09:00,2025-04_to_2025-07
2025-06-03,11,7,1,2,4,11:00,2025-04_to_2025-07
2025-06-03,12,1,0,1,1,12:00,2025-04_to_2025-07
2025-06-03,13,4,0,2,1,13:00,2025-04_to_2025-07
2025-06-03,14,9,1,6,2,14:00,2025-04_to_2025-07
2025-06-03,15,5,0,1,2,15:00,2025-04_to_2025-07
2025-06-03,16,43,0,6,3,16:00,2025-04_to_2025-07
2025-06-03,17,10,1,3,3,17:00,2025-04_to_2025-07
2025-06-03,19,3,0,2,1,19:00,2025-04_to_2025-07
2025-06-03,20,7,1,4,3,20:00,2025-04_to_2025-07
2025-06-03,21,1,0,0,1,21:00,2025-04_to_2025-07
2025-06-03,22,3,1,1,2,22:00,2025-04_to_2025-07
2025-06-04,1,3,0,1,1,01:00,2025-04_to_2025-07
2025-06-04,3,11,0,5,5,03:00,2025-04_to_2025-07
2025-06-04,5,2,0,0,1,05:00,2025-04_to_2025-07
2025-06-04,6,4,1,2,1,06:00,2025-04_to_2025-07
2025-06-04,8,8,1,6,7,08:00,2025-04_to_2025-07
2025-06-04,9,1,0,1,1,09:00,2025-04_to_2025-07
2025-06-04,11,26,1,19,6,11:00,2025-04_to_2025-07
2025-06-04,12,5,1,0,2,12:00,2025-04_to_2025-07
2025-06-04,13,29,4,5,2,13:00,2025-04_to_2025-07
2025-06-04,14,29,5,8,3,14:00,2025-04_to_2025-07
2025-06-04,15,11,0,8,4,15:00,2025-04_to_2025-07
2025-06-04,16,6,0,5,1,16:00,2025-04_to_2025-07
2025-06-04,17,8,3,3,3,17:00,2025-04_to_2025-07
2025-06-04,18,6,3,4,1,18:00,2025-04_to_2025-07
2025-06-04,19,6,2,3,2,19:00,2025-04_to_2025-07
2025-06-04,20,5,1,3,3,20:00,2025-04_to_2025-07
2025-06-04,22,1,0,1,1,22:00,2025-04_to_2025-07
2025-06-04,23,7,0,3,4,23:00,2025-04_to_2025-07
2025-06-05,0,1,0,1,1,00:00,2025-04_to_2025-07
2025-06-05,1,3,0,2,1,01:00,2025-04_to_2025-07
2025-06-05,3,7,0,5,4,03:00,2025-04_to_2025-07
2025-06-05,5,2,0,2,1,05:00,2025-04_to_2025-07
2025-06-05,7,7,0,6,2,07:00,2025-04_to_2025-07
2025-06-05,8,25,4,8,7,08:00,2025-04_to_2025-07
2025-06-05,9,3,0,1,1,09:00,2025-04_to_2025-07
2025-06-05,11,11,1,3,4,11:00,2025-04_to_2025-07
2025-06-05,12,10,1,6,3,12:00,2025-04_to_2025-07
2025-06-05,13,3,0,3,1,13:00,2025-04_to_2025-07
2025-06-05,15,4,1,3,3,15:00,2025-04_to_2025-07
2025-06-05,16,15,0,13,1,16:00,2025-04_to_2025-07
2025-06-05,17,6,0,4,1,17:00,2025-04_to_2025-07
2025-06-05,18,1,0,0,1,18:00,2025-04_to_2025-07
2025-06-05,19,2,1,0,1,19:00,2025-04_to_2025-07
2025-06-05,20,18,4,4,7,20:00,2025-04_to_2025-07
2025-06-05,21,3,0,2,3,21:00,2025-04_to_2025-07
2025-06-05,22,5,0,3,2,22:00,2025-04_to_2025-07
2025-06-05,23,1,1,0,1,23:00,2025-04_to_2025-07
2025-06-06,0,29,4,13,6,00:00,2025-04_to_2025-07
2025-06-06,1,24,3,11,2,01:00,2025-04_to_2025-07
2025-06-06,2,2,0,0,1,02:00,2025-04_to_2025-07
2025-06-06,4,15,1,10,7,04:00,2025-04_to_2025-07
2025-06-06,5,3,0,1,1,05:00,2025-04_to_2025-07
2025-06-06,6,1,0,1,1,06:00,2025-04_to_2025-07
2025-06-06,7,8,2,1,3,07:00,2025-04_to_2025-07
2025-06-06,8,5,0,1,3,08:00,2025-04_to_2025-07
2025-06-06,9,4,0,4,1,09:00,2025-04_to_2025-07
2025-06-06,10,10,0,8,3,10:00,2025-04_to_2025-07
2025-06-06,11,6,0,4,3,11:00,2025-04_to_2025-07
2025-06-06,12,1,0,0,1,12:00,2025-04_to_2025-07
2025-06-06,13,2,1,1,1,13:00,2025-04_to_2025-07
2025-06-06,15,26,1,20,3,15:00,2025-04_to_2025-07
2025-06-06,16,23,1,12,4,16:00,2025-04_to_2025-07
2025-06-06,17,51,0,25,2,17:00,2025-04_to_2025-07
2025-06-06,18,2,1,1,1,18:00,2025-04_to_2025-07
2025-06-06,19,16,4,4,4,19:00,2025-04_to_2025-07
2025-06-06,20,11,3,1,3,20:00,2025-04_to_2025-07
2025-06-06,21,2,0,0,1,21:00,2025-04_to_2025-07
2025-06-07,0,6,1,3,3,00:00,2025-04_to_2025-07
2025-06-07,3,1,0,1,1,03:00,2025-04_to_2025-07
2025-06-07,4,2,1,0,1,04:00,2025-04_to_2025-07
2025-06-07,7,2,0,2,2,07:00,2025-04_to_2025-07
2025-06-07,8,5,2,1,1,08:00,2025-04_to_2025-07
2025-06-07,9,4,1,2,2,09:00,2025-04_to_2025-07
2025-06-07,10,14,2,7,2,10:00,2025-04_to_2025-07
2025-06-07,11,5,1,1,2,11:00,2025-04_to_2025-07
2025-06-07,12,11,1,3,3,12:00,2025-04_to_2025-07
2025-06-07,14,5,0,3,1,14:00,2025-04_to_2025-07
2025-06-07,15,25,7,9,1,15:00,2025-04_to_2025-07
2025-06-07,16,6,1,1,2,16:00,2025-04_to_2025-07
2025-06-07,17,2,0,0,1,17:00,2025-04_to_2025-07
2025-06-07,20,5,2,2,2,20:00,2025-04_to_2025-07
2025-06-07,21,1,0,0,1,21:00,2025-04_to_2025-07
2025-06-07,23,5,1,4,1,23:00,2025-04_to_2025-07
2025-06-08,0,1,0,1,1,00:00,2025-04_to_2025-07
2025-06-08,3,2,0,1,2,03:00,2025-04_to_2025-07
2025-06-08,4,2,0,1,1,04:00,2025-04_to_2025-07
2025-06-08,8,2,0,2,2,08:00,2025-04_to_2025-07
2025-06-08,12,5,1,0,3,12:00,2025-04_to_2025-07
2025-06-08,16,1,0,1,1,16:00,2025-04_to_2025-07
2025-06-08,22,2,1,0,1,22:00,2025-04_to_2025-07
2025-06-09,1,1,0,0,1,01:00,2025-04_to_2025-07
2025-06-09,3,1,0,1,1,03:00,2025-04_to_2025-07
2025-06-09,6,1,0,0,1,06:00,2025-04_to_2025-07
2025-06-09,7,1,0,0,1,07:00,2025-04_to_2025-07
2025-06-09,8,15,4,6,3,08:00,2025-04_to_2025-07
2025-06-09,9,3,0,0,1,09:00,2025-04_to_2025-07
2025-06-09,10,1,1,0,1,10:00,2025-04_to_2025-07
2025-06-09,12,17,1,7,4,12:00,2025-04_to_2025-07
2025-06-09,13,14,4,4,1,13:00,2025-04_to_2025-07
2025-06-09,14,20,6,1,1,14:00,2025-04_to_2025-07
2025-06-09,15,19,6,1,2,15:00,2025-04_to_2025-07
2025-06-09,16,45,13,9,7,16:00,2025-04_to_2025-07
2025-06-09,17,26,0,11,2,17:00,2025-04_to_2025-07
2025-06-09,18,19,4,6,2,18:00,2025-04_to_2025-07
2025-06-09,19,31,3,7,6,19:00,2025-04_to_2025-07
2025-06-09,20,14,1,3,5,20:00,2025-04_to_2025-07
2025-06-09,21,21,5,6,3,21:00,2025-04_to_2025-07
2025-06-09,22,9,1,1,2,22:00,2025-04_to_2025-07
2025-06-09,23,4,1,2,2,23:00,2025-04_to_2025-07
2025-06-10,0,10,0,4,2,00:00,2025-04_to_2025-07
2025-06-10,1,2,0,1,1,01:00,2025-04_to_2025-07
2025-06-10,3,11,0,7,4,03:00,2025-04_to_2025-07
2025-06-10,4,5,1,1,1,04:00,2025-04_to_2025-07
2025-06-10,7,2,0,1,2,07:00,2025-04_to_2025-07
2025-06-10,8,8,0,3,5,08:00,2025-04_to_2025-07
2025-06-10,9,6,1,1,1,09:00,2025-04_to_2025-07
2025-06-10,11,5,1,0,2,11:00,2025-04_to_2025-07
2025-06-10,12,3,1,3,2,12:00,2025-04_to_2025-07
2025-06-10,13,1,0,1,1,13:00,2025-04_to_2025-07
2025-06-10,16,4,0,4,3,16:00,2025-04_to_2025-07
2025-06-10,17,1,0,0,1,17:00,2025-04_to_2025-07
2025-06-10,18,5,0,0,1,18:00,2025-04_to_2025-07
2025-06-10,19,4,1,1,1,19:00,2025-04_to_2025-07
2025-06-10,20,1,0,1,1,20:00,2025-04_to_2025-07
2025-06-10,21,3,1,2,2,21:00,2025-04_to_2025-07
2025-06-10,23,3,1,2,1,23:00,2025-04_to_2025-07
2025-06-11,0,2,0,0,1,00:00,2025-04_to_2025-07
2025-06-11,3,5,0,2,3,03:00,2025-04_to_2025-07
2025-06-11,6,1,0,1,1,06:00,2025-04_to_2025-07
2025-06-11,7,32,10,6,5,07:00,2025-04_to_2025-07
2025-06-11,8,10,2,2,4,08:00,2025-04_to_2025-07
2025-06-11,9,1,0,0,1,09:00,2025-04_to_2025-07
2025-06-11,10,19,0,10,1,10:00,2025-04_to_2025-07
2025-06-11,11,44,0,18,3,11:00,2025-04_to_2025-07
2025-06-11,12,25,5,11,3,12:00,2025-04_to_2025-07
2025-06-11,13,5,1,1,2,13:00,2025-04_to_2025-07
2025-06-11,14,5,0,4,1,14:00,2025-04_to_2025-07
2025-06-11,18,6,2,2,1,18:00,2025-04_to_2025-07
2025-06-11,19,2,0,2,1,19:00,2025-04_to_2025-07
2025-06-11,20,6,1,3,4,20:00,2025-04_to_2025-07
2025-06-11,23,4,0,1,1,23:00,2025-04_to_2025-07
2025-06-12,3,2,0,2,2,03:00,2025-04_to_2025-07
2025-06-12,4,2,0,0,1,04:00,2025-04_to_2025-07
2025-06-12,8,5,2,2,3,08:00,2025-04_to_2025-07
2025-06-12,11,3,0,1,3,11:00,2025-04_to_2025-07
2025-06-12,12,17,5,6,3,12:00,2025-04_to_2025-07
2025-06-12,16,1,0,0,1,16:00,2025-04_to_2025-07
2025-06-12,20,15,1,7,5,20:00,2025-04_to_2025-07
2025-06-12,23,4,0,1,2,23:00,2025-04_to_2025-07
2025-06-13,0,1,0,0,1,00:00,2025-04_to_2025-07
2025-06-13,1,2,1,0,1,01:00,2025-04_to_2025-07
2025-06-13,3,1,0,0,1,03:00,2025-04_to_2025-07
2025-06-13,4,3,0,2,1,04:00,2025-04_to_2025-07
2025-06-13,7,5,1,3,2,07:00,2025-04_to_2025-07
2025-06-13,11,10,1,6,4,11:00,2025-04_to_2025-07
2025-06-13,12,13,0,2,1,12:00,2025-04_to_2025-07
2025-06-13,14,6,0,1,2,14:00,2025-04_to_2025-07
2025-06-13,15,2,1,1,1,15:00,2025-04_to_2025-07
2025-06-13,16,4,1,2,3,16:00,2025-04_to_2025-07
2025-06-13,19,6,1,3,3,19:00,2025-04_to_2025-07
2025-06-13,20,1,0,1,1,20:00,2025-04_to_2025-07
2025-06-13,21,5,1,3,2,21:00,2025-04_to_2025-07
2025-06-13,23,2,0,1,1,23:00,2025-04_to_2025-07
2025-06-14,0,7,2,3,3,00:00,2025-04_to_2025-07
2025-06-14,8,11,4,5,4,08:00,2025-04_to_2025-07
2025-06-14,10,1,0,1,1,10:00,2025-04_to_2025-07
2025-06-14,11,3,0,2,1,11:00,2025-04_to_2025-07
2025-06-14,12,5,1,3,2,12:00,2025-04_to_2025-07
2025-06-14,16,8,0,8,1,16:00,2025-04_to_2025-07
2025-06-14,17,2,0,1,2,17:00,2025-04_to_2025-07
2025-06-14,19,3,0,1,2,19:00,2025-04_to_2025-07
2025-06-14,20,3,0,0,2,20:00,2025-04_to_2025-07
2025-06-14,22,1,0,1,1,22:00,2025-04_to_2025-07
2025-06-14,23,2,0,2,1,23:00,2025-04_to_2025-07
2025-06-15,0,6,0,4,2,00:00,2025-04_to_2025-07
2025-06-15,4,2,0,2,1,04:00,2025-04_to_2025-07
2025-06-15,8,4,1,1,3,08:00,2025-04_to_2025-07
2025-06-15,9,4,1,0,2,09:00,2025-04_to_2025-07
2025-06-15,11,1,0,0,1,11:00,2025-04_to_2025-07
2025-06-15,14,52,2,26,1,14:00,2025-04_to_2025-07
2025-06-15,15,82,3,30,2,15:00,2025-04_to_2025-07
2025-06-15,16,55,7,19,1,16:00,2025-04_to_2025-07
2025-06-15,17,41,3,13,1,17:00,2025-04_to_2025-07
2025-06-15,19,5,0,4,3,19:00,2025-04_to_2025-07
2025-06-15,20,8,1,4,2,20:00,2025-04_to_2025-07
2025-06-15,21,2,0,2,1,21:00,2025-04_to_2025-07
2025-06-15,22,2,1,0,1,22:00,2025-04_to_2025-07
2025-06-15,23,1,0,0,1,23:00,2025-04_to_2025-07
2025-06-16,0,2,0,1,2,00:00,2025-04_to_2025-07
2025-06-16,1,1,0,0,1,01:00,2025-04_to_2025-07
2025-06-16,2,1,0,0,1,02:00,2025-04_to_2025-07
2025-06-16,3,1,0,1,1,03:00,2025-04_to_2025-07
2025-06-16,4,1,1,1,1,04:00,2025-04_to_2025-07
2025-06-16,7,3,1,2,1,07:00,2025-04_to_2025-07
2025-06-16,8,6,2,4,4,08:00,2025-04_to_2025-07
2025-06-16,11,9,2,2,4,11:00,2025-04_to_2025-07
2025-06-16,12,21,5,5,3,12:00,2025-04_to_2025-07
2025-06-16,13,20,1,2,1,13:00,2025-04_to_2025-07
2025-06-16,14,18,3,3,2,14:00,2025-04_to_2025-07
2025-06-16,15,19,2,5,2,15:00,2025-04_to_2025-07
2025-06-16,17,2,0,1,1,17:00,2025-04_to_2025-07
2025-06-16,19,1,0,1,1,19:00,2025-04_to_2025-07
2025-06-16,20,1,0,1,1,20:00,2025-04_to_2025-07
2025-06-16,21,2,1,1,1,21:00,2025-04_to_2025-07
2025-06-16,23,2,0,2,1,23:00,2025-04_to_2025-07
2025-06-17,0,4,1,2,2,00:00,2025-04_to_2025-07
2025-06-17,3,1,0,1,1,03:00,2025-04_to_2025-07
2025-06-17,8,3,0,3,3,08:00,2025-04_to_2025-07
2025-06-17,11,8,0,5,2,11:00,2025-04_to_2025-07
2025-06-17,12,2,0,2,2,12:00,2025-04_to_2025-07
2025-06-17,13,1,1,0,1,13:00,2025-04_to_2025-07
2025-06-17,14,4,1,2,1,14:00,2025-04_to_2025-07
2025-06-17,15,4,1,1,3,15:00,2025-04_to_2025-07
2025-06-17,16,4,1,1,1,16:00,2025-04_to_2025-07
2025-06-17,17,32,0,9,1,17:00,2025-04_to_2025-07
2025-06-17,18,18,0,3,2,18:00,2025-04_to_2025-07
2025-06-17,19,8,0,3,2,19:00,2025-04_to_2025-07
2025-06-17,20,11,2,5,3,20:00,2025-04_to_2025-07
2025-06-17,21,2,1,0,1,21:00,2025-04_to_2025-07
2025-06-17,22,10,1,8,2,22:00,2025-04_to_2025-07
2025-06-18,0,18,1,11,2,00:00,2025-04_to_2025-07
2025-06-18,1,1,0,1,1,01:00,2025-04_to_2025-07
2025-06-18,8,7,0,4,3,08:00,2025-04_to_2025-07
2025-06-18,9,2,0,1,1,09:00,2025-04_to_2025-07
2025-06-18,11,3,0,1,3,11:00,2025-04_to_2025-07
2025-06-18,12,2,0,1,2,12:00,2025-04_to_2025-07
2025-06-18,13,3,0,0,1,13:00,2025-04_to_2025-07
2025-06-18,14,1,0,0,1,14:00,2025-04_to_2025-07
2025-06-18,15,1,0,0,1,15:00,2025-04_to_2025-07
2025-06-18,16,4,0,2,2,16:00,2025-04_to_2025-07
2025-06-18,17,7,3,2,1,17:00,2025-04_to_2025-07
2025-06-18,19,3,1,1,1,19:00,2025-04_to_2025-07
2025-06-18,20,6,0,1,3,20:00,2025-04_to_2025-07
2025-06-18,22,2,1,0,1,22:00,2025-04_to_2025-07
2025-06-18,23,3,0,3,1,23:00,2025-04_to_2025-07
2025-06-19,3,4,1,0,1,03:00,2025-04_to_2025-07
2025-06-19,4,25,1,3,2,04:00,2025-04_to_2025-07
2025-06-19,8,5,2,1,2,08:00,2025-04_to_2025-07
2025-06-19,9,2,0,1,1,09:00,2025-04_to_2025-07
2025-06-19,10,13,0,0,1,10:00,2025-04_to_2025-07
2025-06-19,11,4,0,3,2,11:00,2025-04_to_2025-07
2025-06-19,12,32,1,21,4,12:00,2025-04_to_2025-07
2025-06-19,13,115,0,69,2,13:00,2025-04_to_2025-07
2025-06-19,14,106,0,66,1,14:00,2025-04_to_2025-07
2025-06-19,15,46,3,33,2,15:00,2025-04_to_2025-07
2025-06-19,16,29,0,20,3,16:00,2025-04_to_2025-07
2025-06-19,18,3,0,0,2,18:00,2025-04_to_2025-07
2025-06-19,19,5,0,3,2,19:00,2025-04_to_2025-07
2025-06-19,21,2,1,2,1,21:00,2025-04_to_2025-07
2025-06-19,23,3,0,3,2,23:00,2025-04_to_2025-07
2025-06-20,0,1,0,1,1,00:00,2025-04_to_2025-07
2025-06-20,4,2,0,1,2,04:00,2025-04_to_2025-07
2025-06-20,8,12,3,6,4,08:00,2025-04_to_2025-07
2025-06-20,9,4,1,2,2,09:00,2025-04_to_2025-07
2025-06-20,10,4,0,1,2,10:00,2025-04_to_2025-07
2025-06-20,11,24,0,15,3,11:00,2025-04_to_2025-07
2025-06-20,12,3,0,2,2,12:00,2025-04_to_2025-07
2025-06-20,14,1,0,1,1,14:00,2025-04_to_2025-07
2025-06-20,15,2,1,2,1,15:00,2025-04_to_2025-07
2025-06-20,16,1,0,0,1,16:00,2025-04_to_2025-07
2025-06-20,19,1,0,0,1,19:00,2025-04_to_2025-07
2025-06-20,20,11,2,1,2,20:00,2025-04_to_2025-07
2025-06-21,0,4,0,3,1,00:00,2025-04_to_2025-07
2025-06-21,1,6,0,2,2,01:00,2025-04_to_2025-07
2025-06-21,2,4,1,0,1,02:00,2025-04_to_2025-07
2025-06-21,3,1,0,0,1,03:00,2025-04_to_2025-07
2025-06-21,8,1,0,0,1,08:00,2025-04_to_2025-07
2025-06-21,9,2,0,2,1,09:00,2025-04_to_2025-07
2025-06-21,12,1,0,0,1,12:00,2025-04_to_2025-07
2025-06-21,15,5,2,3,1,15:00,2025-04_to_2025-07
2025-06-22,4,1,0,1,1,04:00,2025-04_to_2025-07
2025-06-22,9,1,0,1,1,09:00,2025-04_to_2025-07
2025-06-22,10,21,6,7,1,10:00,2025-04_to_2025-07
2025-06-22,11,27,0,17,1,11:00,2025-04_to_2025-07
2025-06-22,12,4,0,2,1,12:00,2025-04_to_2025-07
2025-06-22,13,5,0,2,1,13:00,2025-04_to_2025-07
2025-06-22,15,1,0,1,1,15:00,2025-04_to_2025-07
2025-06-22,16,1,0,1,1,16:00,2025-04_to_2025-07
2025-06-22,17,4,0,3,1,17:00,2025-04_to_2025-07
2025-06-22,18,2,0,2,1,18:00,2025-04_to_2025-07
2025-06-22,19,7,1,4,2,19:00,2025-04_to_2025-07
2025-06-22,20,5,0,2,1,20:00,2025-04_to_2025-07
2025-06-22,21,3,0,2,1,21:00,2025-04_to_2025-07
2025-06-22,22,8,0,6,1,22:00,2025-04_to_2025-07
2025-06-22,23,33,0,9,1,23:00,2025-04_to_2025-07
2025-06-23,0,6,1,2,1,00:00,2025-04_to_2025-07
2025-06-23,1,1,0,1,1,01:00,2025-04_to_2025-07
2025-06-23,2,3,0,0,1,02:00,2025-04_to_2025-07
2025-06-23,3,2,0,2,1,03:00,2025-04_to_2025-07
2025-06-23,5,9,2,2,1,05:00,2025-04_to_2025-07
2025-06-23,8,2,0,0,1,08:00,2025-04_to_2025-07
2025-06-23,9,3,1,0,1,09:00,2025-04_to_2025-07
2025-06-23,10,6,1,1,1,10:00,2025-04_to_2025-07
2025-06-23,11,3,1,1,1,11:00,2025-04_to_2025-07
2025-06-23,12,3,0,0,1,12:00,2025-04_to_2025-07
2025-06-23,13,1,0,1,1,13:00,2025-04_to_2025-07
2025-06-23,14,10,1,2,1,14:00,2025-04_to_2025-07
2025-06-23,15,2,0,0,1,15:00,2025-04_to_2025-07
2025-06-23,16,4,0,3,1,16:00,2025-04_to_2025-07
2025-06-23,17,4,0,3,2,17:00,2025-04_to_2025-07
2025-06-23,18,1,0,0,1,18:00,2025-04_to_2025-07
2025-06-23,19,2,1,0,1,19:00,2025-04_to_2025-07
2025-06-23,20,34,3,16,2,20:00,2025-04_to_2025-07
2025-06-23,21,7,0,2,3,21:00,2025-04_to_2025-07
2025-06-24,0,8,1,4,3,00:00,2025-04_to_2025-07
2025-06-24,1,6,0,6,1,01:00,2025-04_to_2025-07
2025-06-24,2,7,2,5,1,02:00,2025-04_to_2025-07
2025-06-24,3,1,0,0,1,03:00,2025-04_to_2025-07
2025-06-24,4,1,0,0,1,04:00,2025-04_to_2025-07
2025-06-24,7,9,1,5,2,07:00,2025-04_to_2025-07
2025-06-24,8,2,0,1,2,08:00,2025-04_to_2025-07
2025-06-24,9,1,0,1,1,09:00,2025-04_to_2025-07
2025-06-24,11,2,0,0,1,11:00,2025-04_to_2025-07
2025-06-24,12,2,0,0,2,12:00,2025-04_to_2025-07
2025-06-24,15,4,0,1,2,15:00,2025-04_to_2025-07
2025-06-24,16,6,2,1,3,16:00,2025-04_to_2025-07
2025-06-24,17,37,3,17,3,17:00,2025-04_to_2025-07
2025-06-24,18,13,0,7,4,18:00,2025-04_to_2025-07
2025-06-24,19,8,0,3,3,19:00,2025-04_to_2025-07
2025-06-24,20,19,2,10,4,20:00,2025-04_to_2025-07
2025-06-24,22,1,0,0,1,22:00,2025-04_to_2025-07
2025-06-24,23,1,1,0,1,23:00,2025-04_to_2025-07
2025-06-25,0,7,0,4,3,00:00,2025-04_to_2025-07
2025-06-25,3,23,0,15,3,03:00,2025-04_to_2025-07
2025-06-25,4,5,0,2,1,04:00,2025-04_to_2025-07
2025-06-25,5,3,0,3,2,05:00,2025-04_to_2025-07
2025-06-25,6,1,0,0,1,06:00,2025-04_to_2025-07
2025-06-25,8,7,2,6,2,08:00,2025-04_to_2025-07
2025-06-25,9,1,0,1,1,09:00,2025-04_to_2025-07
2025-06-25,11,1,0,0,1,11:00,2025-04_to_2025-07
2025-06-25,12,1,0,0,1,12:00,2025-04_to_2025-07
2025-06-25,13,3,0,1,1,13:00,2025-04_to_2025-07
2025-06-25,16,12,2,1,5,16:00,2025-04_to_2025-07
2025-06-25,18,9,1,1,4,18:00,2025-04_to_2025-07
2025-06-25,19,5,0,3,2,19:00,2025-04_to_2025-07
2025-06-25,20,18,4,5,5,20:00,2025-04_to_2025-07
2025-06-25,22,23,0,10,1,22:00,2025-04_to_2025-07
2025-06-25,23,20,0,8,4,23:00,2025-04_to_2025-07
2025-06-26,0,4,0,1,2,00:00,2025-04_to_2025-07
2025-06-26,1,4,1,1,1,01:00,2025-04_to_2025-07
2025-06-26,3,2,0,1,2,03:00,2025-04_to_2025-07
2025-06-26,4,4,0,2,2,04:00,2025-04_to_2025-07
2025-06-26,6,5,0,2,1,06:00,2025-04_to_2025-07
2025-06-26,7,14,0,6,2,07:00,2025-04_to_2025-07
2025-06-26,8,10,1,5,4,08:00,2025-04_to_2025-07
2025-06-26,10,39,0,17,3,10:00,2025-04_to_2025-07
2025-06-26,11,12,0,8,4,11:00,2025-04_to_2025-07
2025-06-26,12,32,2,7,6,12:00,2025-04_to_2025-07
2025-06-26,13,10,0,4,1,13:00,2025-04_to_2025-07
2025-06-26,15,10,4,3,1,15:00,2025-04_to_2025-07
2025-06-26,16,1,0,0,1,16:00,2025-04_to_2025-07
2025-06-26,17,2,0,1,2,17:00,2025-04_to_2025-07
2025-06-26,18,4,0,1,2,18:00,2025-04_to_2025-07
2025-06-26,19,5,0,4,1,19:00,2025-04_to_2025-07
2025-06-26,20,10,0,7,4,20:00,2025-04_to_2025-07
2025-06-26,21,5,0,3,3,21:00,2025-04_to_2025-07
2025-06-26,22,5,0,3,3,22:00,2025-04_to_2025-07
2025-06-26,23,3,0,3,2,23:00,2025-04_to_2025-07
2025-06-27,0,11,0,6,4,00:00,2025-04_to_2025-07
2025-06-27,1,11,0,9,1,01:00,2025-04_to_2025-07
2025-06-27,2,1,0,1,1,02:00,2025-04_to_2025-07
2025-06-27,3,2,0,1,1,03:00,2025-04_to_2025-07
2025-06-27,4,1,0,1,1,04:00,2025-04_to_2025-07
2025-06-27,5,6,1,2,2,05:00,2025-04_to_2025-07
2025-06-27,6,2,0,2,1,06:00,2025-04_to_2025-07
2025-06-27,7,3,0,2,1,07:00,2025-04_to_2025-07
2025-06-27,8,15,2,6,6,08:00,2025-04_to_2025-07
2025-06-27,9,17,0,8,3,09:00,2025-04_to_2025-07
2025-06-27,10,8,0,4,2,10:00,2025-04_to_2025-07
2025-06-27,11,12,1,8,3,11:00,2025-04_to_2025-07
2025-06-27,12,42,3,16,3,12:00,2025-04_to_2025-07
2025-06-27,13,9,1,6,2,13:00,2025-04_to_2025-07
2025-06-27,14,12,2,6,2,14:00,2025-04_to_2025-07
2025-06-27,15,28,2,13,4,15:00,2025-04_to_2025-07
2025-06-27,16,5,1,2,3,16:00,2025-04_to_2025-07
2025-06-27,17,4,0,3,2,17:00,2025-04_to_2025-07
2025-06-27,18,4,0,3,1,18:00,2025-04_to_2025-07
2025-06-27,19,6,0,5,2,19:00,2025-04_to_2025-07
2025-06-27,20,3,1,3,1,20:00,2025-04_to_2025-07
2025-06-27,21,6,1,2,2,21:00,2025-04_to_2025-07
2025-06-27,22,4,0,3,3,22:00,2025-04_to_2025-07
2025-06-27,23,8,0,6,2,23:00,2025-04_to_2025-07
2025-06-28,0,4,0,2,3,00:00,2025-04_to_2025-07
2025-06-28,1,4,0,3,2,01:00,2025-04_to_2025-07
2025-06-28,2,16,0,6,2,02:00,2025-04_to_2025-07
2025-06-28,3,5,0,3,2,03:00,2025-04_to_2025-07
2025-06-28,4,3,0,3,1,04:00,2025-04_to_2025-07
2025-06-28,5,4,0,4,1,05:00,2025-04_to_2025-07
2025-06-28,6,11,0,10,1,06:00,2025-04_to_2025-07
2025-06-28,7,22,0,18,1,07:00,2025-04_to_2025-07
2025-06-28,8,29,1,13,3,08:00,2025-04_to_2025-07
2025-06-28,9,9,2,4,3,09:00,2025-04_to_2025-07
2025-06-28,10,14,2,4,3,10:00,2025-04_to_2025-07
2025-06-28,12,14,1,4,5,12:00,2025-04_to_2025-07
2025-06-28,13,3,0,2,1,13:00,2025-04_to_2025-07
2025-06-28,14,57,7,38,3,14:00,2025-04_to_2025-07
2025-06-28,15,20,2,8,1,15:00,2025-04_to_2025-07
2025-06-28,16,11,1,3,5,16:00,2025-04_to_2025-07
2025-06-28,17,4,1,1,2,17:00,2025-04_to_2025-07
2025-06-28,18,4,0,2,2,18:00,2025-04_to_2025-07
2025-06-28,19,4,0,4,1,19:00,2025-04_to_2025-07
2025-06-28,20,18,0,18,2,20:00,2025-04_to_2025-07
2025-06-28,21,97,1,74,2,21:00,2025-04_to_2025-07
2025-06-28,22,58,0,53,1,22:00,2025-04_to_2025-07
2025-06-28,23,53,0,43,2,23:00,2025-04_to_2025-07
2025-06-29,0,36,0,29,1,00:00,2025-04_to_2025-07
2025-06-29,1,20,0,12,1,01:00,2025-04_to_2025-07
2025-06-29,2,9,0,4,1,02:00,2025-04_to_2025-07
2025-06-29,3,10,0,5,1,03:00,2025-04_to_2025-07
2025-06-29,4,49,0,40,4,04:00,2025-04_to_2025-07
2025-06-29,5,7,0,4,1,05:00,2025-04_to_2025-07
2025-06-29,6,67,0,57,1,06:00,2025-04_to_2025-07
2025-06-29,7,147,1,107,1,07:00,2025-04_to_2025-07
2025-06-29,8,18,0,13,1,08:00,2025-04_to_2025-07
2025-06-29,9,5,0,1,4,09:00,2025-04_to_2025-07
2025-06-29,10,1,0,1,1,10:00,2025-04_to_2025-07
2025-06-29,12,8,0,3,2,12:00,2025-04_to_2025-07
2025-06-29,15,1,0,1,1,15:00,2025-04_to_2025-07
2025-06-29,16,6,1,1,3,16:00,2025-04_to_2025-07
2025-06-29,19,8,0,4,3,19:00,2025-04_to_2025-07
2025-06-29,21,7,0,3,2,21:00,2025-04_to_2025-07
2025-06-29,22,7,0,4,1,22:00,2025-04_to_2025-07
2025-06-29,23,5,0,4,2,23:00,2025-04_to_2025-07
2025-06-30,3,3,0,2,1,03:00,2025-04_to_2025-07
2025-06-30,4,2,0,0,1,04:00,2025-04_to_2025-07
2025-06-30,5,2,0,1,1,05:00,2025-04_to_2025-07
2025-06-30,7,3,0,1,2,07:00,2025-04_to_2025-07
2025-06-30,8,5,1,1,3,08:00,2025-04_to_2025-07
2025-06-30,9,9,2,5,2,09:00,2025-04_to_2025-07
2025-06-30,10,3,0,1,2,10:00,2025-04_to_2025-07
2025-06-30,11,23,1,12,5,11:00,2025-04_to_2025-07
2025-06-30,12,19,0,3,3,12:00,2025-04_to_2025-07
2025-06-30,13,6,0,3,3,13:00,2025-04_to_2025-07
2025-07-09,17,40,14,21,4,17:00,2025-04_to_2025-07
2025-07-09,18,22,1,12,2,18:00,2025-04_to_2025-07
2025-07-09,19,17,2,4,3,19:00,2025-04_to_2025-07
2025-07-09,20,41,12,19,4,20:00,2025-04_to_2025-07
2025-07-09,21,8,1,3,1,21:00,2025-04_to_2025-07
2025-07-09,22,3,0,0,1,22:00,2025-04_to_2025-07
2025-07-09,23,25,6,15,6,23:00,2025-04_to_2025-07
2025-07-10,0,76,0,43,3,00:00,2025-04_to_2025-07
2025-07-10,1,90,0,54,2,01:00,2025-04_to_2025-07
2025-07-10,2,105,1,37,5,02:00,2025-04_to_2025-07
2025-07-10,3,98,7,47,7,03:00,2025-04_to_2025-07
2025-07-10,4,23,2,15,4,04:00,2025-04_to_2025-07
2025-07-10,5,5,1,2,2,05:00,2025-04_to_2025-07
2025-07-10,7,8,3,0,3,07:00,2025-04_to_2025-07
2025-07-10,8,4,0,2,1,08:00,2025-04_to_2025-07
2025-07-10,9,5,0,3,2,09:00,2025-04_to_2025-07
2025-07-10,10,1,0,0,1,10:00,2025-04_to_2025-07
2025-07-10,11,26,2,6,4,11:00,2025-04_to_2025-07
2025-07-10,12,77,5,27,5,12:00,2025-04_to_2025-07
2025-07-10,13,4,1,2,2,13:00,2025-04_to_2025-07
2025-07-10,14,23,0,11,2,14:00,2025-04_to_2025-07
2025-07-10,15,31,5,13,5,15:00,2025-04_to_2025-07
2025-07-10,16,52,2,39,4,16:00,2025-04_to_2025-07
2025-07-10,17,34,1,22,4,17:00,2025-04_to_2025-07
2025-07-10,18,24,0,16,2,18:00,2025-04_to_2025-07
2025-07-10,19,12,2,4,6,19:00,2025-04_to_2025-07
2025-07-10,20,21,2,11,5,20:00,2025-04_to_2025-07
2025-07-10,21,38,0,19,3,21:00,2025-04_to_2025-07
2025-07-10,23,26,3,9,5,23:00,2025-04_to_2025-07
2025-07-11,0,15,0,8,1,00:00,2025-04_to_2025-07
2025-07-11,1,2,0,2,1,01:00,2025-04_to_2025-07
2025-07-11,2,9,0,5,1,02:00,2025-04_to_2025-07
2025-07-11,3,15,3,7,6,03:00,2025-04_to_2025-07
2025-07-11,4,6,0,4,2,04:00,2025-04_to_2025-07
2025-07-11,5,1,0,1,1,05:00,2025-04_to_2025-07
2025-07-11,6,5,0,5,1,06:00,2025-04_to_2025-07
2025-07-11,7,25,3,12,2,07:00,2025-04_to_2025-07
2025-07-11,8,27,3,10,4,08:00,2025-04_to_2025-07
2025-07-11,9,12,2,4,1,09:00,2025-04_to_2025-07
2025-07-11,10,18,1,10,2,10:00,2025-04_to_2025-07
2025-07-11,11,22,5,14,5,11:00,2025-04_to_2025-07
2025-07-11,12,6,0,2,1,12:00,2025-04_to_2025-07
2025-07-11,13,12,0,6,3,13:00,2025-04_to_2025-07
2025-07-11,15,10,2,3,3,15:00,2025-04_to_2025-07
2025-07-11,16,35,0,16,4,16:00,2025-04_to_2025-07
2025-07-11,17,63,3,22,1,17:00,2025-04_to_2025-07
2025-07-11,18,34,5,12,3,18:00,2025-04_to_2025-07
2025-07-11,19,26,1,13,6,19:00,2025-04_to_2025-07
2025-07-11,20,68,0,30,3,20:00,2025-04_to_2025-07
2025-07-11,21,29,0,15,1,21:00,2025-04_to_2025-07
2025-07-11,22,34,1,19,1,22:00,2025-04_to_2025-07
2025-07-11,23,13,0,7,2,23:00,2025-04_to_2025-07
2025-07-12,0,12,2,6,1,00:00,2025-04_to_2025-07
2025-07-12,1,19,1,11,3,01:00,2025-04_to_2025-07
2025-07-12,3,7,0,2,5,03:00,2025-04_to_2025-07
2025-07-12,4,3,1,0,1,04:00,2025-04_to_2025-07
2025-07-12,6,2,0,0,1,06:00,2025-04_to_2025-07
2025-07-12,7,10,3,7,2,07:00,2025-04_to_2025-07
2025-07-12,8,24,3,9,5,08:00,2025-04_to_2025-07
2025-07-12,9,2,0,1,2,09:00,2025-04_to_2025-07
2025-07-12,10,5,1,4,1,10:00,2025-04_to_2025-07
2025-07-12,11,15,1,4,3,11:00,2025-04_to_2025-07
2025-07-12,12,21,1,3,2,12:00,2025-04_to_2025-07
2025-07-12,13,45,0,26,2,13:00,2025-04_to_2025-07
2025-07-12,14,29,8,17,3,14:00,2025-04_to_2025-07
2025-07-12,15,9,0,3,1,15:00,2025-04_to_2025-07
2025-07-12,16,8,0,5,1,16:00,2025-04_to_2025-07
2025-07-12,17,6,0,4,2,17:00,2025-04_to_2025-07
2025-07-12,18,11,3,5,2,18:00,2025-04_to_2025-07
2025-07-12,19,61,16,23,4,19:00,2025-04_to_2025-07
2025-07-12,20,51,2,25,3,20:00,2025-04_to_2025-07
2025-07-12,21,62,0,34,3,21:00,2025-04_to_2025-07
2025-07-12,22,79,0,53,3,22:00,2025-04_to_2025-07
2025-07-12,23,25,1,18,4,23:00,2025-04_to_2025-07
2025-07-13,0,14,3,8,2,00:00,2025-04_to_2025-07
2025-07-13,1,19,12,8,1,01:00,2025-04_to_2025-07
2025-07-13,2,37,0,24,3,02:00,2025-04_to_2025-07
2025-07-13,3,54,7,26,4,03:00,2025-04_to_2025-07
2025-07-13,4,7,0,5,1,04:00,2025-04_to_2025-07
2025-07-13,5,4,0,2,2,05:00,2025-04_to_2025-07
2025-07-13,6,5,0,2,1,06:00,2025-04_to_2025-07
2025-07-13,7,26,2,14,3,07:00,2025-04_to_2025-07
2025-07-13,8,23,6,8,3,08:00,2025-04_to_2025-07
2025-07-13,9,11,1,4,3,09:00,2025-04_to_2025-07
2025-07-13,10,43,8,28,3,10:00,2025-04_to_2025-07
2025-07-13,11,33,1,23,3,11:00,2025-04_to_2025-07
2025-07-13,12,11,2,4,3,12:00,2025-04_to_2025-07
2025-07-13,13,15,0,8,2,13:00,2025-04_to_2025-07
2025-07-13,14,20,3,11,3,14:00,2025-04_to_2025-07
2025-07-13,15,61,9,38,4,15:00,2025-04_to_2025-07
2025-07-13,16,47,0,26,2,16:00,2025-04_to_2025-07
2025-07-13,17,30,1,16,3,17:00,2025-04_to_2025-07
2025-07-13,18,35,5,20,2,18:00,2025-04_to_2025-07
2025-07-13,19,22,0,15,4,19:00,2025-04_to_2025-07
2025-07-13,20,19,0,10,4,20:00,2025-04_to_2025-07
2025-07-13,21,43,2,24,4,21:00,2025-04_to_2025-07
2025-07-13,22,29,0,24,3,22:00,2025-04_to_2025-07
2025-07-13,23,87,4,53,5,23:00,2025-04_to_2025-07
2025-07-14,0,41,3,17,5,00:00,2025-04_to_2025-07
2025-07-14,1,105,1,72,4,01:00,2025-04_to_2025-07
2025-07-14,2,83,4,55,5,02:00,2025-04_to_2025-07
2025-07-14,3,43,0,27,4,03:00,2025-04_to_2025-07
2025-07-14,4,69,0,47,6,04:00,2025-04_to_2025-07
2025-07-14,5,115,6,88,5,05:00,2025-04_to_2025-07
2025-07-14,6,142,9,100,4,06:00,2025-04_to_2025-07
2025-07-14,7,182,5,86,6,07:00,2025-04_to_2025-07
2025-07-14,8,103,12,56,5,08:00,2025-04_to_2025-07
2025-07-14,9,104,17,45,5,09:00,2025-04_to_2025-07
2025-07-14,10,89,2,49,4,10:00,2025-04_to_2025-07
2025-07-14,11,76,8,45,6,11:00,2025-04_to_2025-07
2025-07-14,12,28,2,16,4,12:00,2025-04_to_2025-07
2025-07-14,13,28,1,13,3,13:00,2025-04_to_2025-07
2025-07-14,14,53,4,26,4,14:00,2025-04_to_2025-07
2025-07-14,15,102,10,50,8,15:00,2025-04_to_2025-07
2025-07-14,16,58,5,31,5,16:00,2025-04_to_2025-07
2025-07-14,17,62,20,35,4,17:00,2025-04_to_2025-07
2025-07-14,18,54,4,35,4,18:00,2025-04_to_2025-07
2025-07-14,19,42,3,30,4,19:00,2025-04_to_2025-07
2025-07-14,20,43,1,26,5,20:00,2025-04_to_2025-07
2025-07-14,21,38,2,28,5,21:00,2025-04_to_2025-07
2025-07-14,22,84,0,65,4,22:00,2025-04_to_2025-07
2025-07-14,23,67,4,37,8,23:00,2025-04_to_2025-07
2025-07-15,0,42,1,22,4,00:00,2025-04_to_2025-07
2025-07-15,1,70,0,44,4,01:00,2025-04_to_2025-07
2025-07-15,2,64,0,47,4,02:00,2025-04_to_2025-07
2025-07-15,3,49,1,26,7,03:00,2025-04_to_2025-07
2025-07-15,4,36,0,28,3,04:00,2025-04_to_2025-07
2025-07-15,5,46,0,35,4,05:00,2025-04_to_2025-07
2025-07-15,6,105,0,74,3,06:00,2025-04_to_2025-07
2025-07-15,7,64,6,40,3,07:00,2025-04_to_2025-07
2025-07-15,8,36,0,18,4,08:00,2025-04_to_2025-07
2025-07-15,9,50,10,24,4,09:00,2025-04_to_2025-07
